gender,carType,carCat,job,cover,age,nYears,carVal,density,claimNumbMD,pred_claim_prob,pred_cond_sev,pred_expected_loss,pct_rank,action_band
Male,A,Medium,Unemployed,0,18,2,5715,270.7883545,1,0.8325904821993847,1057.5034618134548,880.4673171987829,1.0,1-Highest Review (Top 5%)
Male,A,Medium,Unemployed,0,18,5,24200,290.1327193,1,0.8629926997861508,1018.5064090415498,878.9635956882646,0.9999596351013159,1-Highest Review (Top 5%)
Male,A,Small,Unemployed,0,18,0,24825,282.3344767,1,0.8767553492295744,995.293564165919,872.6289564362381,0.9999192702026318,1-Highest Review (Top 5%)
Male,C,Medium,Unemployed,0,18,4,1255,240.0004036,1,0.8384783606491696,1040.0538356115721,872.062635070472,0.9998789053039477,1-Highest Review (Top 5%)
Male,C,Small,Unemployed,0,18,0,11865,275.2822626,1,0.8738866286470476,992.4570791003446,867.2949709318964,0.9998385404052635,1-Highest Review (Top 5%)
Male,B,Small,Unemployed,0,18,3,26235,245.331155,1,0.8641991292086204,1000.1799064168608,864.3546041774106,0.9997981755065795,1-Highest Review (Top 5%)
Male,A,Small,Unemployed,0,19,4,12830,293.5560359,1,0.8511056467569355,1006.5821778351011,856.7077754803483,0.9997578106078954,1-Highest Review (Top 5%)
Male,C,Medium,Unemployed,0,19,1,4090,270.874006,1,0.8529741981049677,1001.3984792890395,854.1670648551026,0.9997174457092113,1-Highest Review (Top 5%)
Male,B,Small,Unemployed,0,18,0,20580,248.5121203,1,0.8639399106054307,984.3727791976976,850.4389308624783,0.9996770808105272,1-Highest Review (Top 5%)
Male,A,Medium,Unemployed,0,18,1,24940,251.432848,1,0.8495203518289587,995.1708623150279,845.4179010837906,0.9996367159118431,1-Highest Review (Top 5%)
Male,C,Small,Unemployed,0,20,4,12850,284.2162652,1,0.8661333596088685,968.678892962291,839.0051039436287,0.9995963510131589,1-Highest Review (Top 5%)
Male,C,Small,Unemployed,0,19,3,20825,249.8117276,1,0.8670722565071317,960.4922032993838,832.8161420723035,0.9995559861144748,1-Highest Review (Top 5%)
Male,C,Small,Unemployed,0,20,4,23685,256.6405915,1,0.8719999749261856,953.2526389455827,831.2362772588684,0.9995156212157907,1-Highest Review (Top 5%)
Male,C,Medium,Unemployed,0,21,0,9585,275.0923407,1,0.8533631508933972,962.0433084141017,820.9723089641661,0.9994752563171067,1-Highest Review (Top 5%)
Male,B,Medium,Unemployed,0,19,4,6215,211.8309492,0,0.8024121723164582,1013.9913053876668,813.6389660661189,0.9994348914184226,1-Highest Review (Top 5%)
Male,C,Small,Unemployed,0,20,3,14085,250.8413259,1,0.8519827998791498,952.8396242991613,811.8029709461966,0.9993945265197385,1-Highest Review (Top 5%)
Male,B,Medium,Unemployed,0,18,9,41825,275.2822626,1,0.8576428424617,945.5445630545815,810.9395267323374,0.9993541616210543,1-Highest Review (Top 5%)
Male,C,Small,Unemployed,0,19,6,7580,297.3851697,0,0.8584225922915417,942.8586758603101,809.3711886965779,0.9993137967223702,1-Highest Review (Top 5%)
Male,A,Large,Unemployed,0,18,6,13065,293.5560359,1,0.8441119574204567,951.0952806511299,802.8308990437839,0.9992734318236861,1-Highest Review (Top 5%)
Male,B,Large,Unemployed,1,18,0,14680,270.7883545,1,0.8565676687908953,936.4578277235715,802.1394984141655,0.999233066925002,1-Highest Review (Top 5%)
Male,B,Small,Unemployed,0,18,9,46445,290.1327193,1,0.8678497477285135,924.2061336799437,802.072059963284,0.9991927020263179,1-Highest Review (Top 5%)
Male,C,Medium,Unemployed,0,22,3,4350,275.2822626,1,0.8367660975663221,958.0134969584602,801.6332152657964,0.9991523371276338,1-Highest Review (Top 5%)
Male,C,Small,Unemployed,0,18,4,9715,208.6667182,1,0.8267350787100324,967.5594303185384,799.9153217810309,0.9991119722289497,1-Highest Review (Top 5%)
Male,B,Small,Unemployed,0,20,6,12160,276.9454965,0,0.8448435514211425,944.8957572077674,798.2890872421798,0.9990716073302656,1-Highest Review (Top 5%)
Male,A,Large,Unemployed,0,20,0,12365,253.6198858,1,0.8348927681864176,954.7370786223388,797.1030824612178,0.9990312424315815,1-Highest Review (Top 5%)
Male,E,Large,Unemployed,0,19,2,48110,248.5121203,1,0.8929742043447298,890.0323702413209,794.7759476572976,0.9989908775328974,1-Highest Review (Top 5%)
Male,B,Small,Unemployed,0,20,4,22845,225.0430894,1,0.8400830442293301,944.042319321604,793.0739454970105,0.9989505126342133,1-Highest Review (Top 5%)
Male,D,Small,Unemployed,0,18,3,16675,284.2162652,1,0.8788452902373046,895.8814186952375,787.3411654314242,0.9989101477355292,1-Highest Review (Top 5%)
Male,B,Medium,Unemployed,0,20,0,11920,222.6929824,1,0.8165158101625968,963.7326360419395,786.9029340979192,0.9988697828368451,1-Highest Review (Top 5%)
Male,C,Small,Unemployed,1,22,4,40665,293.5560359,1,0.87320558737428,900.5645446892471,786.377992213825,0.9988294179381609,1-Highest Review (Top 5%)
Male,A,Small,Unemployed,1,20,3,10870,276.9454965,1,0.8313103135629182,945.8003347570598,786.2535728548044,0.9987890530394768,1-Highest Review (Top 5%)
Male,C,Large,Unemployed,0,20,5,13620,249.7835716,0,0.8467547585130065,928.2994200903559,786.0419512863733,0.9987486881407928,1-Highest Review (Top 5%)
Male,B,Medium,Unemployed,0,19,1,19095,225.1417422,1,0.828609306002637,947.5473808856212,785.146577680251,0.9987083232421087,1-Highest Review (Top 5%)
Male,A,Medium,Unemployed,0,18,2,21325,212.4247054,1,0.8155614580620222,960.7730758378701,783.5694905970672,0.9986679583434246,1-Highest Review (Top 5%)
Female,C,Large,Unemployed,0,18,4,38730,284.2162652,1,0.876617490610719,892.487468943036,782.3701254263563,0.9986275934447405,1-Highest Review (Top 5%)
Male,E,Medium,Unemployed,1,18,4,30680,284.2162652,1,0.8957126760517249,873.0778348048096,782.0268838144618,0.9985872285460563,1-Highest Review (Top 5%)
Male,E,Small,Unemployed,0,21,2,47020,275.0923407,0,0.8974392717765235,870.3420663650699,781.079150235143,0.9985468636473722,1-Highest Review (Top 5%)
Male,B,Large,Unemployed,0,20,6,8865,296.4319078,1,0.8426563155779379,923.4399080289696,778.1424705573213,0.9985064987486881,1-Highest Review (Top 5%)
Male,A,Medium,Unemployed,0,21,0,18500,237.675525,0,0.8213553832289577,940.3554809507216,772.3660364277308,0.998466133850004,1-Highest Review (Top 5%)
Male,B,Medium,Unemployed,0,22,5,19355,295.7970919,1,0.8440701969086528,914.7638235703341,772.124880685924,0.99842576895132,1-Highest Review (Top 5%)
Male,C,Medium,Unemployed,1,20,0,4330,238.240414,1,0.8253418313789552,931.6076720251274,768.8947821559037,0.9983854040526359,1-Highest Review (Top 5%)
Male,D,Medium,Unemployed,0,18,0,20770,239.4551701,1,0.8642167703973553,889.0364505926628,768.320210096719,0.9983450391539517,1-Highest Review (Top 5%)
Male,A,Small,Unemployed,0,20,4,7410,208.8164363,0,0.7915769792284961,962.8970295698188,762.207121974969,0.9983046742552676,1-Highest Review (Top 5%)
Male,B,Large,Unemployed,1,21,4,11130,275.2822626,1,0.8340958356891323,908.9855535341451,758.1810649044112,0.9982643093565835,1-Highest Review (Top 5%)
Male,E,Small,Unemployed,0,18,4,14280,234.675271,1,0.8664726044113177,874.9084251891306,758.0841817950305,0.9982239444578994,1-Highest Review (Top 5%)
Male,C,Small,Unemployed,0,21,2,19125,245.331155,0,0.849410382759555,891.216055310712,757.0081706629327,0.9981835795592153,1-Highest Review (Top 5%)
Male,D,Medium,Unemployed,0,20,1,2270,270.7883545,1,0.85133712528283,887.3227301995671,755.4107823262116,0.9981432146605312,1-Highest Review (Top 5%)
Male,A,Small,Unemployed,0,21,2,9375,238.240414,1,0.804120264610241,936.3367946312343,752.927391063173,0.998102849761847,1-Highest Review (Top 5%)
Male,C,Small,Unemployed,0,23,4,9835,275.2822626,0,0.8372548523636009,899.1258644319347,752.7974928812545,0.998062484863163,1-Highest Review (Top 5%)
Male,A,Medium,Unemployed,0,18,8,35865,225.1417422,1,0.8180152154101505,918.649230510686,751.4690481825679,0.9980221199644789,1-Highest Review (Top 5%)
Male,A,Small,Unemployed,0,20,0,7885,207.1446249,0,0.7985926016823551,937.0596595376524,748.3289114417557,0.9979817550657948,1-Highest Review (Top 5%)
Male,B,Small,Unemployed,0,20,0,7540,200.6565503,1,0.8073312197915795,926.2271866269989,747.772124383698,0.9979413901671107,1-Highest Review (Top 5%)
Male,A,Small,Unemployed,0,18,15,12275,293.5560359,1,0.8194989063189279,911.9280370516823,747.3240290054204,0.9979010252684266,1-Highest Review (Top 5%)
Male,D,Large,Unemployed,0,20,4,15385,275.2822626,1,0.867940431578604,860.5865103924754,746.9378272407698,0.9978606603697425,1-Highest Review (Top 5%)
Male,A,Large,Unemployed,0,22,2,8515,275.2822626,1,0.81885973293594,911.5219930039217,746.4086557564272,0.9978202954710583,1-Highest Review (Top 5%)
Male,A,Medium,Unemployed,1,18,3,9140,207.1446249,1,0.7794061087126202,957.379707328832,746.1875922495921,0.9977799305723742,1-Highest Review (Top 5%)
Male,A,Small,Unemployed,0,19,6,14850,222.6929824,1,0.8062345140216921,924.399040933171,745.2824115288734,0.9977395656736902,1-Highest Review (Top 5%)
Male,A,Small,Unemployed,0,21,2,19105,237.675525,1,0.8211804751071742,907.4759353633573,745.201519750009,0.9976992007750061,1-Highest Review (Top 5%)
Female,A,Medium,Unemployed,0,19,4,4915,296.4319078,1,0.8123967472161334,916.0423562348548,744.1898305173985,0.997658835876322,1-Highest Review (Top 5%)
Male,E,Small,Unemployed,0,19,1,17970,275.2822626,1,0.8895278695947338,833.1818355257486,741.1384631402491,0.9976184709776379,1-Highest Review (Top 5%)
Male,A,Small,Unemployed,1,18,2,22325,222.711392,1,0.8218410273623309,901.4109515042177,740.8165024598825,0.9975781060789537,1-Highest Review (Top 5%)
Male,D,Small,Unemployed,0,19,1,6400,245.331155,1,0.8466860833955379,874.0650544398854,740.0587175766142,0.9975377411802696,1-Highest Review (Top 5%)
Male,C,Medium,Unemployed,0,18,7,20490,223.3475567,1,0.8304598396026048,890.6297413621851,739.6322321569496,0.9974973762815855,1-Highest Review (Top 5%)
Male,E,Medium,Unemployed,0,21,5,11070,276.9950185,1,0.8647835036799341,854.6097503571275,739.0524141928705,0.9974570113829014,1-Highest Review (Top 5%)
Male,A,Small,Unemployed,0,18,9,28625,290.1327193,1,0.8527597242843729,863.8849881961902,736.6863243475918,0.9974166464842174,1-Highest Review (Top 5%)
Male,C,Medium,Employed,0,18,4,8910,258.9237292,0,0.8202966055194082,893.7034372433035,733.1018959117093,0.9973762815855333,1-Highest Review (Top 5%)
Male,A,Medium,Unemployed,0,20,14,28060,270.874006,1,0.8228510695294441,890.155970378302,732.465792273806,0.9973359166868491,1-Highest Review (Top 5%)
Male,A,Medium,Unemployed,0,21,1,8230,223.3475567,1,0.7831787380099503,934.9452319018369,732.229226829301,0.997295551788165,1-Highest Review (Top 5%)
Male,D,Small,Unemployed,0,20,0,15290,249.8117276,1,0.8615433891894075,849.7767108207007,732.1195074946936,0.9972551868894809,1-Highest Review (Top 5%)
Male,C,Small,Unemployed,1,22,0,26640,276.3355652,1,0.869743060696677,840.9133043155194,731.378511075936,0.9972148219907968,1-Highest Review (Top 5%)
Male,C,Large,Unemployed,0,18,1,19875,201.6569069,1,0.8377330468416995,871.755637642919,730.2985064240311,0.9971744570921127,1-Highest Review (Top 5%)
Male,A,Small,Employed,0,18,4,5545,291.3194903,1,0.8161107461109618,893.9026344505728,729.5235459520113,0.9971340921934286,1-Highest Review (Top 5%)
Male,B,Medium,Unemployed,0,18,1,13725,180.0831298,0,0.7965185234039627,915.1574587895334,728.939867757162,0.9970937272947444,1-Highest Review (Top 5%)
Male,D,Large,Unemployed,0,20,0,20875,260.3601885,1,0.8755665060569616,831.725485552336,728.2309773835887,0.9970533623960603,1-Highest Review (Top 5%)
Male,A,Small,Unemployed,0,22,1,25005,245.331155,1,0.8307764127632711,876.3950054586677,728.0882987985993,0.9970129974973763,1-Highest Review (Top 5%)
Male,C,Small,Employed,0,19,1,48805,245.331155,1,0.8515392795776225,851.994267213352,725.5065845071222,0.9969726325986922,1-Highest Review (Top 5%)
Male,A,Medium,Unemployed,0,19,6,20050,201.3918071,1,0.7964631792926942,910.4958728248718,725.1764376029739,0.9969322677000081,1-Highest Review (Top 5%)
Male,B,Medium,Unemployed,0,18,0,7610,150.2239631,0,0.7867874696364029,920.4365299117337,724.1879283301643,0.996891902801324,1-Highest Review (Top 5%)
Male,A,Medium,Unemployed,0,19,0,17560,174.6445246,0,0.7964315978998482,906.0796291487724,721.6304468674587,0.9968515379026399,1-Highest Review (Top 5%)
Male,B,Large,Unemployed,0,18,3,4860,162.666477,1,0.7890528040802629,912.4901485884585,720.002910439339,0.9968111730039557,1-Highest Review (Top 5%)
Male,D,Small,Unemployed,0,20,2,15450,249.7835716,1,0.8539335708299068,841.4646121182752,718.5548809531613,0.9967708081052716,1-Highest Review (Top 5%)
Male,C,Small,Unemployed,0,22,0,8545,222.6929824,1,0.8172125755711496,878.9411493950436,718.2817604725901,0.9967304432065875,1-Highest Review (Top 5%)
Female,A,Medium,Unemployed,0,19,2,5680,295.7970919,0,0.8099115249909209,886.7229330298269,718.1671229346093,0.9966900783079035,1-Highest Review (Top 5%)
Male,A,Medium,Unemployed,0,19,3,1590,162.9324677,1,0.7665882346151788,935.9234904576334,717.4679362847933,0.9966497134092194,1-Highest Review (Top 5%)
Female,A,Large,Unemployed,0,19,3,25125,276.3355652,1,0.8445949200390188,849.0124125466068,717.0715706869358,0.9966093485105353,1-Highest Review (Top 5%)
Male,B,Small,Unemployed,0,19,1,15865,189.9730181,0,0.8107422343159665,884.2186486875711,716.873402860806,0.9965689836118511,1-Highest Review (Top 5%)
Male,A,Small,Unemployed,0,22,0,1545,222.6929824,1,0.7913653853999054,904.8454568178639,716.0633736620224,0.996528618713167,1-Highest Review (Top 5%)
Male,A,Medium,Employed,0,19,3,22555,284.1301175,1,0.8300928508164702,861.5022144971697,715.1268292166578,0.9964882538144829,1-Highest Review (Top 5%)
Male,B,Small,Unemployed,0,18,0,10970,156.1042255,1,0.8011241804899878,892.4104508058906,714.9315910625696,0.9964478889157988,1-Highest Review (Top 5%)
Male,A,Medium,Employed,0,18,2,24650,270.7883545,1,0.829391318937451,861.9784399692596,714.9174352217507,0.9964075240171147,1-Highest Review (Top 5%)
Male,D,Small,Unemployed,0,18,0,19315,212.4247054,1,0.8527861027216698,838.3157181621514,714.9039941418188,0.9963671591184307,1-Highest Review (Top 5%)
Male,E,Small,Unemployed,0,18,1,25665,222.6929824,1,0.8761339481970605,815.9629695972246,714.8928581358144,0.9963267942197465,1-Highest Review (Top 5%)
Male,A,Large,Unemployed,0,23,0,20210,291.3194903,0,0.8409683411579101,849.0853266839421,714.0538786829169,0.9962864293210624,1-Highest Review (Top 5%)
Male,B,Large,Unemployed,1,19,2,18055,222.735365,1,0.8199950663450338,870.2919838279897,713.6351330185836,0.9962460644223783,1-Highest Review (Top 5%)
Male,A,Small,Unemployed,0,22,2,13585,237.4189585,1,0.7998207183048356,891.9123536175993,713.3699793353848,0.9962056995236942,1-Highest Review (Top 5%)
Male,C,Small,Unemployed,0,24,4,22965,284.9991194,1,0.851657177270873,837.1441828225747,712.9598517114057,0.9961653346250101,1-Highest Review (Top 5%)
Male,C,Small,Unemployed,0,20,7,14865,237.675525,1,0.829341700182467,859.0025786973995,712.4066590780247,0.996124969726326,1-Highest Review (Top 5%)
Male,A,Small,Employed,0,18,3,18920,270.7883545,1,0.8278038007365005,860.1009042757216,711.9947975763433,0.9960846048276418,1-Highest Review (Top 5%)
Male,C,Small,Unemployed,1,18,1,26385,201.3918071,1,0.8409097454619572,845.9464182817692,711.3645872717769,0.9960442399289577,1-Highest Review (Top 5%)
Male,C,Small,Unemployed,0,18,0,14285,160.3435748,0,0.8210098494795507,865.9255496439299,710.93340517366,0.9960038750302737,1-Highest Review (Top 5%)
Male,B,Small,Employed,0,19,3,2480,295.7970919,1,0.8249537620657124,861.4919811144148,710.6910508097801,0.9959635101315896,1-Highest Review (Top 5%)
Male,C,Small,Unemployed,0,19,1,22545,184.4785165,1,0.8351197329200927,850.5351566802128,710.2986928859285,0.9959231452329055,1-Highest Review (Top 5%)
Male,A,Small,Unemployed,0,21,11,47260,293.5560359,1,0.838224963936474,847.2147902802767,710.1565870291324,0.9958827803342214,1-Highest Review (Top 5%)
Male,B,Large,Unemployed,1,21,6,8905,291.3194903,1,0.8267450329759075,858.7986879726344,710.0075496076017,0.9958424154355373,1-Highest Review (Top 5%)
Male,C,Small,Unemployed,1,22,1,7595,276.9950185,1,0.8352566049581505,849.5325476462084,709.5776715484202,0.9958020505368531,1-Highest Review (Top 5%)
Male,B,Medium,Employed,0,19,2,7110,270.7883545,1,0.8085018189968385,877.581056698717,709.5258806580804,0.995761685638169,1-Highest Review (Top 5%)
Male,B,Small,Unemployed,0,24,5,26585,291.3194903,1,0.8435604570595922,840.4969287897563,709.0099734070703,0.9957213207394849,1-Highest Review (Top 5%)
Male,B,Medium,Employed,0,18,1,11980,276.9454965,1,0.8201234888820996,864.022929414331,708.6054993454133,0.9956809558408009,1-Highest Review (Top 5%)
Male,B,Small,Unemployed,0,21,6,1855,216.4916013,1,0.7914889559140009,895.2356580236,708.5691362660828,0.9956405909421168,1-Highest Review (Top 5%)
Male,B,Medium,Unemployed,0,20,7,11460,222.735365,0,0.7906090359844153,896.1777009190403,708.5261881943321,0.9956002260434327,1-Highest Review (Top 5%)
Female,B,Small,Unemployed,0,18,3,48175,185.1345389,0,0.8162235034256983,867.1204537086554,707.7640946181598,0.9955598611447485,1-Highest Review (Top 5%)
Male,E,Small,Unemployed,0,22,0,7430,282.3344767,1,0.8708617936251912,812.4857970497626,707.5628385137494,0.9955194962460644,1-Highest Review (Top 5%)
Male,A,Small,Unemployed,0,24,0,25100,282.3344767,0,0.8391260556524208,842.9768521779538,707.3638409743802,0.9954791313473803,1-Highest Review (Top 5%)
Male,C,Small,Unemployed,0,24,5,4215,270.7883545,1,0.8181875068785752,864.1220107551238,707.0138336186361,0.9954387664486962,1-Highest Review (Top 5%)
Male,E,Small,Unemployed,0,22,4,6250,251.432848,1,0.8503161048141694,831.2044604236346,706.7865390915885,0.9953984015500121,1-Highest Review (Top 5%)
Male,D,Small,Unemployed,0,21,1,9165,293.5560359,1,0.8581331662061215,822.9401895539489,706.1922704601959,0.995358036651328,1-Highest Review (Top 5%)
Female,A,Medium,Unemployed,1,18,4,8100,297.3851697,1,0.8054886973452005,876.4751481894012,705.9908253705223,0.9953176717526439,1-Highest Review (Top 5%)
Female,C,Small,Unemployed,0,20,3,9860,290.1327193,0,0.840888992479877,838.9434730809553,705.4583318266133,0.9952773068539598,1-Highest Review (Top 5%)
Male,D,Large,Unemployed,0,19,0,12295,222.711392,0,0.8424218696281349,836.5875034341541,704.7596087505339,0.9952369419552757,1-Highest Review (Top 5%)
Male,A,Medium,Unemployed,0,18,1,18930,167.9366556,1,0.790794417641718,890.7339159970519,704.3874083746156,0.9951965770565916,1-Highest Review (Top 5%)
Male,E,Large,Unemployed,0,20,2,23150,248.5121203,1,0.8796268646392946,800.7178137585613,704.3328999772739,0.9951562121579075,1-Highest Review (Top 5%)
Male,B,Large,Employed,0,18,0,8495,260.3601885,1,0.8216446138442387,856.7276200967165,703.9256345840603,0.9951158472592234,1-Highest Review (Top 5%)
Male,E,Small,Unemployed,0,20,6,19200,293.5560359,1,0.8852905775178076,794.7556688296571,703.5897050437586,0.9950754823605392,1-Highest Review (Top 5%)
Male,A,Small,Unemployed,0,21,0,14725,201.6569069,1,0.7974396157454708,881.5101064480345,702.9510805616698,0.9950351174618551,1-Highest Review (Top 5%)
Male,B,Small,Unemployed,0,24,0,16585,284.2162652,1,0.8342233044291623,842.148282860693,702.5397233473922,0.994994752563171,1-Highest Review (Top 5%)
Male,A,Small,Unemployed,1,23,3,4290,284.9991194,1,0.8031641724785279,874.6699400057387,702.5035585565528,0.994954387664487,1-Highest Review (Top 5%)
Male,B,Small,Unemployed,0,18,4,8680,133.2886429,1,0.7822113346489649,897.4162424512274,701.9691567434336,0.9949140227658029,1-Highest Review (Top 5%)
Male,D,Small,Unemployed,0,21,1,23825,260.3601885,1,0.8694629346320537,807.2375477739416,701.863127232714,0.9948736578671188,1-Highest Review (Top 5%)
Male,B,Medium,Unemployed,0,20,5,7545,166.5549379,1,0.7718463596706108,909.0074907453179,701.61412264509,0.9948332929684347,1-Highest Review (Top 5%)
Male,A,Medium,Employed,0,19,2,1840,270.4632326,1,0.7965379869061073,880.210867583023,701.1213925174593,0.9947929280697505,1-Highest Review (Top 5%)
Female,B,Large,Unemployed,0,20,0,7180,270.7883545,1,0.8268314331079146,847.7746983689491,700.9667688050282,0.9947525631710664,1-Highest Review (Top 5%)
Male,E,Medium,Unemployed,0,22,1,2675,270.7883545,1,0.8537298617885398,820.8139884927464,700.7534129500125,0.9947121982723823,1-Highest Review (Top 5%)
Male,B,Medium,Unemployed,0,20,13,18440,290.1327193,0,0.8220689291068769,851.8887917955369,700.3113067895083,0.9946718333736982,1-Highest Review (Top 5%)
Male,B,Medium,Employed,0,19,2,11070,290.1327193,1,0.8184420393071704,855.6147365756548,700.2710698642463,0.9946314684750142,1-Highest Review (Top 5%)
Female,A,Medium,Unemployed,0,20,0,19700,258.9237292,1,0.8213407836896354,852.3443552144951,700.0651806853103,0.9945911035763301,1-Highest Review (Top 5%)
Male,C,Small,Employed,0,18,4,32850,222.6929824,1,0.8368612614404235,836.0404219134458,699.6498420976701,0.9945507386776459,1-Highest Review (Top 5%)
Male,A,Small,Unemployed,0,21,15,8410,284.1301175,1,0.7983302953283042,875.6507255288841,699.058502315918,0.9945103737789618,1-Highest Review (Top 5%)
Male,C,Small,Employed,0,19,3,23480,260.3601885,1,0.8503251402444727,821.3925520261615,698.4507369974111,0.9944700088802777,1-Highest Review (Top 5%)
Male,D,Medium,Unemployed,0,20,7,5695,258.9237292,1,0.8300712270395793,841.2342642946818,698.2843579908242,0.9944296439815936,1-Highest Review (Top 5%)
Male,B,Medium,Unemployed,0,19,0,10845,145.223003,1,0.7852557905295315,888.8370834020417,697.9644665788334,0.9943892790829095,1-Highest Review (Top 5%)
Male,B,Small,Employed,0,18,1,28005,253.6198858,1,0.8422285519310712,828.6271010098137,697.8934033743368,0.9943489141842254,1-Highest Review (Top 5%)
Male,D,Small,Unemployed,0,18,4,37740,149.997808,1,0.8430352061506435,826.7046843785835,696.9411540208018,0.9943085492855412,1-Highest Review (Top 5%)
Male,A,Small,Unemployed,0,19,8,8445,232.9029787,1,0.7890039343772692,882.8935048908222,696.6064489949955,0.9942681843868572,1-Highest Review (Top 5%)
Male,A,Small,Unemployed,1,23,3,9865,276.9950185,1,0.8031450424507417,866.7492341571887,696.1253504613231,0.9942278194881731,1-Highest Review (Top 5%)
Male,A,Medium,Unemployed,0,21,1,18175,205.4307964,1,0.7892516618878103,881.747338358709,695.9205521647644,0.994187454589489,1-Highest Review (Top 5%)
Male,B,Small,Employed,0,20,0,4590,270.4632326,1,0.8205456088915728,848.0312628060036,695.8483288982417,0.9941470896908049,1-Highest Review (Top 5%)
Male,B,Medium,Unemployed,0,21,15,19990,253.6198858,1,0.8055334500433416,863.7022931133797,695.7410879819663,0.9941067247921208,1-Highest Review (Top 5%)
Male,B,Small,Unemployed,0,21,8,19425,276.9454965,1,0.838366841502569,829.5914590445198,695.5019712566618,0.9940663598934366,1-Highest Review (Top 5%)
Male,A,Medium,Employed,1,18,1,37960,256.6405915,1,0.8212717484443103,846.3030292386076,695.0447685365075,0.9940259949947525,1-Highest Review (Top 5%)
Male,A,Medium,Unemployed,0,18,13,29020,223.3475567,1,0.7944320774611056,874.1309607942957,694.4376751568846,0.9939856300960684,1-Highest Review (Top 5%)
Male,B,Small,Unemployed,0,24,0,22720,251.432848,1,0.8292760824492611,835.1690009006894,692.5856772499872,0.9939452651973844,1-Highest Review (Top 5%)
Male,D,Medium,Unemployed,0,20,2,44425,168.6499611,1,0.8337078926085414,830.1849284247173,692.1317271523438,0.9939049002987003,1-Highest Review (Top 5%)
Male,A,Medium,Unemployed,0,22,5,12915,211.8309492,1,0.7684854617302151,900.4367323542824,691.9725380221269,0.9938645354000162,1-Highest Review (Top 5%)
Male,D,Medium,Unemployed,0,19,15,24955,270.7883545,1,0.8519269057099258,811.977086561851,691.7451268619983,0.9938241705013321,1-Highest Review (Top 5%)
Male,A,Large,Unemployed,0,23,6,2670,290.1327193,1,0.8042157730693199,859.453511089954,691.1860698383487,0.9937838056026479,1-Highest Review (Top 5%)
Male,C,Medium,Unemployed,0,22,15,26760,275.0923407,1,0.8349201534298003,827.6804888898482,691.0471207747642,0.9937434407039638,1-Highest Review (Top 5%)
Female,C,Medium,Unemployed,0,18,7,27950,275.2822626,1,0.8513188682227958,810.2471256854519,689.7786660193123,0.9937030758052797,1-Highest Review (Top 5%)
Male,A,Small,Unemployed,0,22,1,8525,222.6929824,1,0.7817438876609628,882.2390786921762,689.6850072232479,0.9936627109065956,1-Highest Review (Top 5%)
Male,A,Small,Employed,0,20,0,6470,276.9454965,1,0.8121388601623345,847.6685507534896,688.4245706043971,0.9936223460079115,1-Highest Review (Top 5%)
Male,E,Medium,Unemployed,0,22,7,38160,285.6217445,1,0.8773892650061299,783.1037031010006,687.0867824873656,0.9935819811092275,1-Highest Review (Top 5%)
Male,A,Small,Employed,0,18,1,14065,272.9669948,1,0.8180960384169943,839.1862490419473,686.5349458352343,0.9935416162105433,1-Highest Review (Top 5%)
Male,B,Medium,Unemployed,1,18,10,8200,272.9669948,1,0.804257480575603,853.1614300544795,686.1614622598943,0.9935012513118592,1-Highest Review (Top 5%)
Male,A,Small,Unemployed,1,22,3,14175,238.240414,0,0.7926704979985033,865.2050692653834,685.8225331254209,0.9934608864131751,1-Highest Review (Top 5%)
Male,B,Small,Unemployed,0,19,1,22865,160.3435748,1,0.8152248554998777,841.1058833831856,685.6904222411545,0.993420521514491,1-Highest Review (Top 5%)
Female,E,Medium,Unemployed,0,18,0,6695,290.1327193,1,0.8636764723705345,793.2216803353696,685.0869026798797,0.9933801566158069,1-Highest Review (Top 5%)
Male,A,Small,Unemployed,1,19,12,33835,276.3355652,0,0.8313869221243982,823.9465661865825,685.0183996568296,0.9933397917171228,1-Highest Review (Top 5%)
Male,A,Medium,Unemployed,0,20,2,30850,148.5612071,1,0.7946457806919355,862.0286355918505,685.00741810869,0.9932994268184386,1-Highest Review (Top 5%)
Male,B,Medium,Unemployed,0,19,8,35150,186.6850127,1,0.806099607051917,849.2089455569164,684.5469973184031,0.9932590619197545,1-Highest Review (Top 5%)
Male,A,Small,Unemployed,1,22,6,20250,270.874006,1,0.8215549137450089,832.8641835919572,684.2436625121976,0.9932186970210705,1-Highest Review (Top 5%)
Male,B,Small,Unemployed,0,21,0,33620,149.997808,1,0.8197487466379887,834.6504661872518,684.2036735378126,0.9931783321223864,1-Highest Review (Top 5%)
Female,A,Small,Unemployed,0,19,0,11720,237.675525,1,0.8018279055420383,853.2414129579599,684.1527750738104,0.9931379672237023,1-Highest Review (Top 5%)
Male,B,Medium,Unemployed,0,25,0,10160,282.3344767,1,0.802169962429297,852.3800271883333,683.7536543851485,0.9930976023250182,1-Highest Review (Top 5%)
Male,A,Medium,Employed,0,19,1,14305,275.2822626,1,0.8087229207635263,845.3167453282346,683.6270272521677,0.993057237426334,1-Highest Review (Top 5%)
Female,A,Medium,Unemployed,0,18,0,17515,223.3475567,1,0.7962447558324299,858.5137837548543,683.5870981246595,0.9930168725276499,1-Highest Review (Top 5%)
Male,B,Medium,Unemployed,0,18,6,8535,149.997808,1,0.7682732225638236,889.3935106393624,683.2972185462553,0.9929765076289658,1-Highest Review (Top 5%)
Male,B,Large,Unemployed,0,19,12,17405,284.2162652,1,0.830829333410518,822.2122770124374,683.1180780321876,0.9929361427302817,1-Highest Review (Top 5%)
Male,A,Medium,Employed,0,19,2,12290,258.9237292,1,0.7934468037388531,860.9216605862084,683.0955398616728,0.9928957778315977,1-Highest Review (Top 5%)
Male,E,Small,Unemployed,0,20,1,7455,218.9832303,1,0.8424073088737689,808.7764365564411,681.319181400028,0.9928554129329136,1-Highest Review (Top 5%)
Male,D,Medium,Unemployed,1,18,7,20505,270.4632326,1,0.8543102220173897,797.4503142239736,681.2699549925201,0.9928150480342295,1-Highest Review (Top 5%)
Male,E,Small,Unemployed,0,20,5,40820,169.7885554,1,0.8566303084438179,795.2872017456592,681.2671209328049,0.9927746831355453,1-Highest Review (Top 5%)
Male,B,Small,Employed,0,18,6,14580,272.9669948,1,0.8227640965861518,827.7675675230013,681.0574348763786,0.9927343182368612,1-Highest Review (Top 5%)
Male,C,Medium,Unemployed,0,25,3,22460,285.6217445,0,0.8317200890037441,818.7413181233967,680.9636019806343,0.9926939533381771,1-Highest Review (Top 5%)
Male,E,Small,Unemployed,0,20,7,27895,295.7970919,1,0.8906188267272107,764.4156384087128,680.8029590114995,0.992653588439493,1-Highest Review (Top 5%)
Female,A,Small,Unemployed,1,18,5,17070,275.0923407,1,0.8205101537406753,829.5524227958468,680.6561859641699,0.9926132235408089,1-Highest Review (Top 5%)
Male,A,Small,Unemployed,0,21,8,12925,260.3601885,1,0.8044913124393631,845.4004859768814,680.1173465004167,0.9925728586421249,1-Highest Review (Top 5%)
Male,A,Small,Unemployed,0,21,3,20175,181.4165594,1,0.792383208009053,858.1494817675184,679.9832393142526,0.9925324937434407,1-Highest Review (Top 5%)
Male,E,Small,Unemployed,0,22,2,16420,284.2162652,1,0.8735690697739206,778.2267364109549,679.8348061997119,0.9924921288447566,1-Highest Review (Top 5%)
Female,A,Small,Unemployed,0,18,0,22715,222.6929824,1,0.8160227074049033,832.8306561995365,679.608726881748,0.9924517639460725,1-Highest Review (Top 5%)
Male,B,Medium,Unemployed,0,19,0,6820,123.969842,1,0.7721970463499971,879.6048473466765,679.2282650762437,0.9924113990473884,1-Highest Review (Top 5%)
Male,B,Medium,Unemployed,1,24,3,5705,293.5560359,1,0.7951353745934612,853.7913003359296,678.8796654172477,0.9923710341487043,1-Highest Review (Top 5%)
Male,A,Small,Unemployed,0,23,6,27475,237.675525,1,0.8096930875723021,838.0889622415177,678.594839497601,0.9923306692500202,1-Highest Review (Top 5%)
Female,B,Large,Unemployed,0,19,1,16260,258.9237292,1,0.8283177725128184,818.2765337567214,677.7929957408775,0.992290304351336,1-Highest Review (Top 5%)
Male,C,Small,Employed,0,19,2,5955,249.8117276,1,0.8146735327120109,831.4049712914913,677.3236250763672,0.9922499394526519,1-Highest Review (Top 5%)
Female,E,Medium,Unemployed,0,18,0,13180,272.9669948,1,0.8649961854244617,782.4732267034667,676.8363562952687,0.9922095745539679,1-Highest Review (Top 5%)
Male,C,Medium,Employed,0,19,6,6380,259.0040603,1,0.8064855351625969,838.7940042639576,676.4752314199955,0.9921692096552838,1-Highest Review (Top 5%)
Male,A,Small,Employed,0,18,4,43160,183.8950396,1,0.7961720332926521,849.269819515978,676.1648790181199,0.9921288447565997,1-Highest Review (Top 5%)
Male,D,Medium,Unemployed,0,19,2,8515,189.9730181,1,0.8057971085872351,838.7356745923117,675.8507814554489,0.9920884798579156,1-Highest Review (Top 5%)
Male,C,Medium,Unemployed,0,23,5,14030,218.9832303,1,0.791604272664607,853.2895428522017,675.4676479418322,0.9920481149592314,1-Highest Review (Top 5%)
Male,C,Medium,Employed,0,21,3,9640,276.9950185,1,0.81585880488764,827.8273156877691,675.3902044303663,0.9920077500605473,1-Highest Review (Top 5%)
Male,A,Medium,Unemployed,0,19,0,7550,129.6779531,1,0.7614053128709416,886.728817796379,675.1600329459321,0.9919673851618632,1-Highest Review (Top 5%)
Male,A,Medium,Housewife,0,18,4,47090,222.2151274,1,0.8337431493483706,809.4329763474224,674.8591988863251,0.9919270202631791,1-Highest Review (Top 5%)
Female,D,Medium,Unemployed,0,19,4,20625,284.9991194,0,0.8575504591447249,786.8853352872037,674.7938805697923,0.991886655364495,1-Highest Review (Top 5%)
Male,D,Small,Employed,0,18,2,49760,239.4551701,1,0.8506537244366205,792.1524851973278,673.8474618548317,0.991846290465811,1-Highest Review (Top 5%)
Male,B,Small,Employed,1,20,6,43420,284.1301175,1,0.8405240838635823,800.8748707966165,673.154617065691,0.9918059255671269,1-Highest Review (Top 5%)
Male,E,Medium,Employed,0,18,3,2190,270.4632326,0,0.8462974067582968,795.0804151068751,672.8744934692585,0.9917655606684427,1-Highest Review (Top 5%)
Male,C,Medium,Employed,0,20,2,16475,270.874006,1,0.8290734552293197,811.4365045343382,672.7404665134853,0.9917251957697586,1-Highest Review (Top 5%)
Male,C,Small,Unemployed,1,22,2,23625,232.9029787,1,0.8316533898530643,808.4391438862186,672.3411545028829,0.9916848308710745,1-Highest Review (Top 5%)
Male,A,Small,Employed,0,18,1,13650,253.6198858,1,0.804366512671209,835.7094547384078,672.2166997142906,0.9916444659723904,1-Highest Review (Top 5%)
Male,A,Medium,Unemployed,0,20,10,23435,251.432848,1,0.808097084764785,830.8511295295126,671.408375646328,0.9916041010737063,1-Highest Review (Top 5%)
Male,A,Small,Unemployed,0,21,0,6930,171.3729361,0,0.7727627555577007,868.0701546576311,670.8122847306304,0.9915637361750222,1-Highest Review (Top 5%)
Male,B,Small,Unemployed,0,21,0,6140,162.9324677,1,0.7827817382196199,856.83979218582,670.7185419029541,0.991523371276338,1-Highest Review (Top 5%)
Male,A,Medium,Unemployed,0,25,0,18870,284.2162652,0,0.8070145041033179,831.0542263680614,670.6728143753876,0.991483006377654,1-Highest Review (Top 5%)
Male,A,Medium,Employed,0,21,4,16635,284.9991194,1,0.8056942418296474,832.3741547653002,670.6390635422222,0.9914426414789699,1-Highest Review (Top 5%)
Male,A,Medium,Unemployed,0,23,0,3655,208.6667182,0,0.7581724693921771,884.5132650752272,670.6136063922223,0.9914022765802858,1-Highest Review (Top 5%)
Male,A,Medium,Unemployed,1,24,0,7150,270.7883545,1,0.7840505810824044,854.7315331811452,670.1527552601314,0.9913619116816017,1-Highest Review (Top 5%)
Male,B,Medium,Unemployed,0,21,0,22895,156.1042255,1,0.8014627859867912,835.2663621769444,669.4349056713861,0.9913215467829176,1-Highest Review (Top 5%)
Male,A,Medium,Employed,0,21,3,10355,284.1301175,1,0.7933351668285569,843.7436727795459,669.3715274051003,0.9912811818842334,1-Highest Review (Top 5%)
Male,C,Large,Unemployed,0,20,2,27710,161.4389472,1,0.827795468803608,807.9272250313522,668.7984960040263,0.9912408169855493,1-Highest Review (Top 5%)
Male,D,Medium,Unemployed,0,20,0,5680,185.1345389,0,0.8070413632333248,828.261211712972,668.4410574141224,0.9912004520868652,1-Highest Review (Top 5%)
Male,A,Small,Self-employed,0,18,2,11925,297.3851697,1,0.789441578107966,846.5185138525613,668.2769114733761,0.9911399047388391,1-Highest Review (Top 5%)
Male,A,Small,Self-employed,0,18,2,11925,297.3851697,1,0.789441578107966,846.5185138525613,668.2769114733761,0.9911399047388391,1-Highest Review (Top 5%)
Male,D,Small,Unemployed,0,22,6,23130,285.6217445,1,0.8646842211187297,772.2516489951702,667.7538156190433,0.9910591749414709,1-Highest Review (Top 5%)
Male,D,Small,Unemployed,0,22,6,23130,285.6217445,1,0.8646842211187297,772.2516489951702,667.7538156190433,0.9910591749414709,1-Highest Review (Top 5%)
Male,D,Large,Unemployed,0,20,1,33705,201.6569069,1,0.8489989431795194,786.458184195643,667.7021672369847,0.9909986275934447,1-Highest Review (Top 5%)
Male,B,Small,Unemployed,0,19,4,38200,88.29014956,1,0.7935806515090609,840.8275953151464,667.2645108969908,0.9909582626947606,1-Highest Review (Top 5%)
Male,B,Medium,Unemployed,0,22,1,27825,185.1345389,0,0.8014761824082248,832.3252673482806,667.088877796205,0.9909178977960765,1-Highest Review (Top 5%)
Male,B,Small,Employed,0,21,5,35630,239.4551701,1,0.8201467939949372,813.1699706708347,666.9187444186422,0.9908775328973924,1-Highest Review (Top 5%)
Female,B,Large,Unemployed,0,18,4,9415,211.8309492,1,0.7855051369407138,848.6428673652485,666.6133317434995,0.9908371679987084,1-Highest Review (Top 5%)
Male,B,Medium,Unemployed,0,19,1,12865,140.4108252,1,0.7769301797448649,857.3786397043629,666.1233406549184,0.9907968031000243,1-Highest Review (Top 5%)
Male,E,Small,Unemployed,0,21,1,3495,222.711392,1,0.8376727181971974,794.9438249863405,665.902754690385,0.9907564382013401,1-Highest Review (Top 5%)
Male,B,Medium,Employed,0,18,0,12335,218.9832303,0,0.786796424972087,845.3483960836251,665.117095894484,0.990716073302656,1-Highest Review (Top 5%)
Male,C,Large,Unemployed,0,22,7,8450,245.331155,0,0.8086400634115293,822.5127258168657,665.11674276134,0.9906757084039719,1-Highest Review (Top 5%)
Male,B,Small,Employed,0,20,1,28095,251.432848,1,0.8336668818252824,795.8497974236468,663.4736190194543,0.9906353435052878,1-Highest Review (Top 5%)
Male,A,Small,Employed,0,18,0,7830,225.1417422,1,0.7817597253124633,848.516608880894,663.3361110817905,0.9905949786066037,1-Highest Review (Top 5%)
Male,A,Large,Unemployed,0,21,12,36250,251.432848,1,0.812974800338695,815.902414237013,663.3081023101948,0.9905546137079196,1-Highest Review (Top 5%)
Male,C,Medium,Unemployed,0,18,11,7905,222.2151274,0,0.7851636783125936,843.2009798859183,662.0507829240108,0.9905142488092354,1-Highest Review (Top 5%)
Male,A,Medium,Unemployed,0,18,10,7435,222.6929824,1,0.760661967352447,870.0939900634828,661.8474062632292,0.9904738839105514,1-Highest Review (Top 5%)
Male,D,Small,Unemployed,0,23,0,19035,291.3194903,1,0.8629670164810938,766.632235489224,661.5783329983668,0.9904335190118673,1-Highest Review (Top 5%)
Male,B,Large,Unemployed,0,25,3,21605,275.2822626,1,0.8205940255934386,806.1054314669847,661.4853010602287,0.9903931541131832,1-Highest Review (Top 5%)
Male,B,Small,Employed,0,21,0,4720,256.6405915,0,0.8038544795064554,822.2398571034238,660.961192361335,0.9903527892144991,1-Highest Review (Top 5%)
Male,B,Small,Self-employed,0,18,0,26355,225.1417422,0,0.8003120222086544,825.3673933948413,660.5514476729114,0.990312424315815,1-Highest Review (Top 5%)
Male,C,Large,Unemployed,0,23,2,6750,222.711392,1,0.7930890610546605,831.1011558335044,659.1372353214371,0.9902720594171308,1-Highest Review (Top 5%)
Male,B,Large,Unemployed,0,27,4,43610,270.7883545,1,0.8094500233645806,814.0173001466976,658.9063226229172,0.9902316945184467,1-Highest Review (Top 5%)
Female,B,Large,Unemployed,0,19,1,9085,236.3993842,1,0.7991377831437746,824.3422859830025,658.7630669721281,0.9901913296197626,1-Highest Review (Top 5%)
Male,B,Medium,Employed,1,19,0,14640,297.3851697,1,0.8230994386187693,800.3049798123641,658.7305796073624,0.9901509647210786,1-Highest Review (Top 5%)
Male,B,Small,Employed,0,21,2,4585,284.1301175,0,0.8090652113705114,813.6764092532767,658.317276039701,0.9901105998223945,1-Highest Review (Top 5%)
Male,A,Small,Self-employed,0,18,3,12235,239.4551701,1,0.7588470914080931,867.4358250169377,658.2511527972828,0.9900702349237104,1-Highest Review (Top 5%)
Male,B,Large,Employed,0,21,0,5640,285.6217445,1,0.8175023216334371,804.6603106127658,657.8116720522186,0.9900298700250262,1-Highest Review (Top 5%)
Male,A,Small,Employed,0,18,0,8975,222.2151274,1,0.7804463735160583,841.8662307537439,657.0314467773926,0.9899895051263421,1-Highest Review (Top 5%)
Male,C,Small,Employed,0,19,1,16285,249.7835716,0,0.8284731716633695,792.0694757399715,656.2083107440366,0.989949140227658,1-Highest Review (Top 5%)
Male,A,Medium,Unemployed,0,21,15,40290,189.9730181,0,0.7689519476924626,851.8361696313318,655.0210817528995,0.9899087753289739,1-Highest Review (Top 5%)
Male,A,Large,Unemployed,1,18,1,15780,184.4785165,0,0.7855004719263972,833.7561480872472,654.9158477940678,0.9898684104302898,1-Highest Review (Top 5%)
Male,C,Medium,Unemployed,0,25,0,18275,249.7835716,1,0.8104979939626058,807.7692462190055,654.6953536451902,0.9898280455316057,1-Highest Review (Top 5%)
Male,C,Small,Employed,0,21,0,19170,276.9950185,1,0.8466083908373545,772.5370949493978,654.0363868172742,0.9897876806329217,1-Highest Review (Top 5%)
Male,A,Medium,Unemployed,0,25,2,15390,284.9991194,0,0.788727582431615,829.0171641813295,653.8687036990533,0.9897473157342375,1-Highest Review (Top 5%)
Male,B,Medium,Unemployed,0,19,2,14550,123.969842,0,0.7717612565341826,846.7554516959669,653.4930513780488,0.9897069508355534,1-Highest Review (Top 5%)
Female,B,Medium,Unemployed,0,19,5,3795,202.5335882,1,0.7628073995453153,854.8594542541015,652.0931172762986,0.9896665859368693,1-Highest Review (Top 5%)
Male,C,Large,Unemployed,0,26,0,45120,238.240414,1,0.8197073710211484,795.1455825988519,651.7866950911844,0.9896262210381852,1-Highest Review (Top 5%)
Female,A,Medium,Unemployed,0,18,3,15735,201.3918071,1,0.7687453399162119,847.6363870138479,651.6165224603102,0.9895858561395011,1-Highest Review (Top 5%)
Male,C,Medium,Self-employed,0,20,1,5145,258.9237292,1,0.7793208185988983,835.8902786229933,651.4266961953323,0.989545491240817,1-Highest Review (Top 5%)
Male,B,Large,Unemployed,0,22,15,8715,256.6405915,0,0.7834991835978187,831.1005298563026,651.1665866301277,0.9895051263421328,1-Highest Review (Top 5%)
Male,B,Medium,Self-employed,0,21,0,17145,272.9669948,1,0.7930035925351318,820.8355230001536,650.9255186195755,0.9894647614434487,1-Highest Review (Top 5%)
Male,A,Small,Unemployed,0,20,0,15025,141.0368682,1,0.781408034952246,832.8366557367195,650.7852545954302,0.9894243965447647,1-Highest Review (Top 5%)
Male,B,Small,Unemployed,0,21,3,25160,139.2830008,0,0.8003839965337843,811.5887095131529,649.5826148618339,0.9893840316460806,1-Highest Review (Top 5%)
Male,B,Medium,Housewife,0,19,0,8150,284.1301175,1,0.8475497981506561,765.6590566924406,648.9341789518998,0.9893436667473965,1-Highest Review (Top 5%)
Male,E,Medium,Unemployed,0,20,4,47550,106.5583041,1,0.8312542437047223,780.4588247730583,648.759710129405,0.9893033018487124,1-Highest Review (Top 5%)
Male,B,Large,Employed,0,20,1,20380,285.6217445,1,0.8373795733774306,774.6286513094807,648.6582095594674,0.9892629369500282,1-Highest Review (Top 5%)
Male,D,Large,Unemployed,1,22,0,9730,285.6217445,1,0.8475393686987529,765.0152075746354,648.3805060727519,0.9892225720513441,1-Highest Review (Top 5%)
Male,D,Medium,Unemployed,0,19,8,28280,225.1417422,1,0.8370094917528007,774.3710608435679,648.1559280647518,0.98918220715266,1-Highest Review (Top 5%)
Male,B,Medium,Employed,0,18,0,20160,206.2302755,1,0.7961514046507434,814.1051755832449,648.1509790740405,0.989141842253976,1-Highest Review (Top 5%)
Male,A,Medium,Employed,0,22,3,5285,282.3344767,1,0.7790146769440391,831.7732619512431,647.9635789496373,0.9891014773552919,1-Highest Review (Top 5%)
Male,A,Small,Employed,0,22,4,29000,296.4319078,1,0.827475488524521,781.9050522850739,647.0072651193827,0.9890611124566078,1-Highest Review (Top 5%)
Female,B,Medium,Unemployed,1,21,0,16115,284.2162652,1,0.8206385095844032,787.8944809328588,646.5765525425182,0.9890207475579237,1-Highest Review (Top 5%)
Male,A,Large,Employed,0,22,0,37905,251.432848,0,0.8183395437791439,789.5901318202791,646.1528282463213,0.9889803826592395,1-Highest Review (Top 5%)
Male,B,Small,Unemployed,0,22,2,3715,178.2443114,1,0.7670887596521025,842.3253584776235,646.1383144581129,0.9889400177605554,1-Highest Review (Top 5%)
Male,A,Small,Self-employed,0,20,5,14950,293.5560359,1,0.7861279020790412,821.7395782287625,645.9924106882931,0.9888996528618713,1-Highest Review (Top 5%)
Male,D,Medium,Employed,0,18,1,9410,272.9669948,1,0.8300924041188525,776.3825545119084,644.4692611907261,0.9888592879631872,1-Highest Review (Top 5%)
Male,D,Small,Unemployed,0,20,8,22835,296.4319078,1,0.8660301158758782,742.6711950613288,643.1756211166395,0.9888189230645031,1-Highest Review (Top 5%)
Male,B,Small,Self-employed,0,21,0,10935,290.1327193,0,0.7952968581070418,808.616165202979,643.0898956004938,0.988778558165819,1-Highest Review (Top 5%)
Male,A,Small,Unemployed,0,21,1,15725,174.6445246,1,0.7775796207805988,826.1201136157471,642.3741646645578,0.9887381932671349,1-Highest Review (Top 5%)
Male,A,Medium,Unemployed,1,21,6,20085,207.1446249,1,0.7742587233865182,829.3556860165679,642.1358746885379,0.9886978283684508,1-Highest Review (Top 5%)
Male,A,Large,Unemployed,0,19,1,43505,94.36462339,1,0.7845846176484906,818.4126097053044,642.1139444643396,0.9886574634697667,1-Highest Review (Top 5%)
Male,D,Large,Unemployed,0,18,9,16965,270.874006,1,0.8509668931807255,754.2210294074014,641.8171261663849,0.9886170985710826,1-Highest Review (Top 5%)
Male,D,Large,Unemployed,0,21,1,14745,225.0430894,0,0.8285225159470982,774.4306220256984,641.6332073872079,0.9885767336723985,1-Highest Review (Top 5%)
Male,A,Small,Unemployed,1,22,1,20445,222.711392,1,0.7936334624952147,808.1519645299627,641.3764418322243,0.9885363687737144,1-Highest Review (Top 5%)
Male,C,Large,Unemployed,0,20,2,16240,153.4523215,1,0.8032268715952797,798.3184710758584,641.2308480589885,0.9884960038750302,1-Highest Review (Top 5%)
Male,C,Small,Unemployed,0,23,1,1115,207.1446249,1,0.7873243136529623,814.2261924858835,641.0600781572131,0.9884556389763461,1-Highest Review (Top 5%)
Male,D,Small,Unemployed,1,20,0,9875,208.6667182,1,0.8185232307184269,783.1405557944996,641.0187378355383,0.988415274077662,1-Highest Review (Top 5%)
Male,A,Small,Employed,1,18,1,21285,293.5560359,1,0.8281046693555698,773.8377101934484,640.8186211346168,0.988374909178978,1-Highest Review (Top 5%)
Male,B,Medium,Unemployed,0,21,0,2645,128.5434648,0,0.759922343733779,843.254719913091,640.8081031209274,0.9883345442802939,1-Highest Review (Top 5%)
Male,A,Large,Employed,0,22,1,44735,248.5121203,1,0.8094910478078177,791.1284085413724,640.4113643806868,0.9882941793816098,1-Highest Review (Top 5%)
Male,E,Large,Unemployed,0,21,1,44990,171.3729361,1,0.8520404207902618,751.4486033297271,640.2645841833152,0.9882538144829256,1-Highest Review (Top 5%)
Male,C,Small,Self-employed,1,18,0,9525,251.432848,1,0.7915358879857487,808.5467781679308,639.9937920351693,0.9882134495842415,1-Highest Review (Top 5%)
Male,D,Small,Unemployed,0,18,3,38815,103.9493988,1,0.8240781915475076,776.5593607866973,639.94563366639,0.9881730846855574,1-Highest Review (Top 5%)
Male,C,Medium,Self-employed,1,18,1,18245,275.0923407,0,0.8064177790374003,793.4131197250128,639.8224458677798,0.9881327197868733,1-Highest Review (Top 5%)
Male,A,Large,Employed,0,20,2,24445,249.7835716,1,0.8134530026891361,786.403241790598,639.7020783590327,0.9880923548881893,1-Highest Review (Top 5%)
Male,A,Medium,Employed,0,19,6,4825,234.675271,1,0.7566657242451725,844.7247710614199,639.1742806830268,0.9880519899895052,1-Highest Review (Top 5%)
Male,C,Small,Unemployed,0,20,0,44665,81.90993935,0,0.8050892457960841,793.8995854828763,639.1600185142327,0.9880116250908211,1-Highest Review (Top 5%)
Male,B,Medium,Employed,1,20,0,11525,253.6198858,1,0.7944473342023527,803.8226335823141,638.5947484209839,0.9879712601921369,1-Highest Review (Top 5%)
Male,C,Small,Unemployed,0,25,3,3375,234.675271,1,0.7791928375032064,819.2855595369564,638.3814398610032,0.9879308952934528,1-Highest Review (Top 5%)
Male,A,Small,Unemployed,0,23,7,25665,237.4189585,1,0.7992141110199535,798.4621932338636,638.1422519484446,0.9878905303947687,1-Highest Review (Top 5%)
Male,A,Small,Unemployed,0,22,6,17810,201.6569069,0,0.7758775595890518,822.3294944014928,638.027001294329,0.9878501654960846,1-Highest Review (Top 5%)
Male,A,Medium,Unemployed,0,25,0,8470,237.675525,1,0.7533077711758294,846.698847890594,637.824821961606,0.9878098005974005,1-Highest Review (Top 5%)
Female,C,Medium,Unemployed,0,19,7,6015,238.240414,0,0.7889889042996425,807.8219016120988,637.3625170221835,0.9877694356987164,1-Highest Review (Top 5%)
Female,E,Medium,Unemployed,0,20,0,11475,253.6198858,1,0.8459138901490116,753.4079709511103,637.3182675765273,0.9877290708000322,1-Highest Review (Top 5%)
Male,B,Small,Employed,0,22,0,8835,290.1327193,1,0.8121721890675987,784.3557077747406,637.0318921910768,0.9876887059013482,1-Highest Review (Top 5%)
Male,A,Small,Unemployed,0,18,1,2435,112.4047945,1,0.754280292903883,843.5906930955069,636.3038350790687,0.9876483410026641,1-Highest Review (Top 5%)
Male,B,Small,Employed,0,19,0,8275,210.189841,1,0.781777892432126,813.5470178005216,636.0130729705331,0.98760797610398,1-Highest Review (Top 5%)
Male,A,Small,Unemployed,1,22,4,16045,200.6565503,1,0.7699020556672145,825.7967120296267,635.7825861548364,0.9875676112052959,1-Highest Review (Top 5%)
Male,B,Large,Employed,1,19,2,29125,249.7835716,1,0.8259306678675796,769.5329116591397,635.5808316727164,0.9875272463066118,1-Highest Review (Top 5%)
Male,E,Medium,Employed,0,20,1,41965,237.675525,1,0.8535689483387909,744.2251440474392,635.247473531858,0.9874868814079276,1-Highest Review (Top 5%)
Male,A,Medium,Unemployed,0,22,7,45260,162.666477,0,0.7708067818900631,824.1139369317602,635.2326116371205,0.9874465165092435,1-Highest Review (Top 5%)
Female,C,Small,Employed,0,20,3,47340,291.3194903,1,0.8463811280942177,750.2525354746649,634.999587330594,0.9874061516105594,1-Highest Review (Top 5%)
Male,D,Medium,Unemployed,0,21,1,19895,201.6569069,1,0.8196775192838593,774.65580922386,634.9679520034442,0.9873657867118754,1-Highest Review (Top 5%)
Male,D,Small,Unemployed,1,19,0,9755,189.9730181,1,0.8145925095629268,779.4100841883753,634.9016164576607,0.9873254218131913,1-Highest Review (Top 5%)
Male,B,Small,Employed,0,18,8,28850,270.874006,1,0.8330571224784181,762.0095723842993,634.7975016714743,0.9872850569145072,1-Highest Review (Top 5%)
Male,A,Medium,Unemployed,1,25,0,2665,270.7883545,1,0.7692948698787568,825.1519610299483,634.7851704907351,0.987244692015823,1-Highest Review (Top 5%)
Male,C,Medium,Employed,0,21,6,11590,272.9669948,1,0.8072292030926215,785.8704357801869,634.3775656088914,0.9872043271171389,1-Highest Review (Top 5%)
Male,C,Small,Unemployed,0,22,2,18915,178.2443114,1,0.8026182741866766,789.6252117588733,633.767624716196,0.9871639622184548,1-Highest Review (Top 5%)
Male,B,Medium,Employed,1,19,4,6485,225.1417422,1,0.7617135546673798,831.5271266849024,633.3854834695096,0.9871235973197707,1-Highest Review (Top 5%)
Female,D,Small,Unemployed,0,20,0,16515,270.4632326,1,0.8536041225132832,741.8271655363253,633.226726694151,0.9870832324210866,1-Highest Review (Top 5%)
Male,B,Medium,Unemployed,1,25,0,17080,270.4632326,1,0.7985022938254898,792.5753846181647,632.8732626472242,0.9870428675224026,1-Highest Review (Top 5%)
Male,E,Medium,Unemployed,0,25,2,43245,237.4189585,1,0.8372011155713738,755.8775611537037,632.82153743325,0.9870025026237185,1-Highest Review (Top 5%)
Male,C,Medium,Unemployed,0,20,11,6680,223.3475567,1,0.7763548102925799,814.9231336577965,632.6694948339333,0.9869621377250343,1-Highest Review (Top 5%)
Male,D,Small,Self-employed,0,19,4,11990,282.3344767,1,0.8169188338141224,774.1848351217176,632.4461726642122,0.9869217728263502,1-Highest Review (Top 5%)
Male,A,Large,Self-employed,0,19,3,9055,237.675525,1,0.7468990852056914,846.7387467528544,632.4283953579205,0.9868814079276661,1-Highest Review (Top 5%)
Female,A,Small,Unemployed,0,23,4,26820,295.7970919,1,0.8221881927306792,768.5598250994693,631.9008136039396,0.986841043028982,1-Highest Review (Top 5%)
Male,D,Small,Unemployed,0,22,3,6145,201.6569069,1,0.7979222083052471,791.530651107823,631.5798850732442,0.9868006781302979,1-Highest Review (Top 5%)
Male,E,Small,Self-employed,0,18,2,6845,284.1301175,1,0.8316601546047604,759.3565977468037,631.5266254822516,0.9867603132316138,1-Highest Review (Top 5%)
Male,C,Small,Self-employed,0,20,5,23880,237.675525,1,0.8003708611141367,788.8044118369841,631.3360663525971,0.9867199483329296,1-Highest Review (Top 5%)
Male,E,Small,Unemployed,1,19,3,20985,186.6850127,1,0.8443267420245302,746.615831403754,630.3877124730675,0.9866795834342456,1-Highest Review (Top 5%)
Male,E,Medium,Employed,0,19,1,43800,216.4916013,1,0.845448204195903,745.396204001422,630.1938820874452,0.9866392185355615,1-Highest Review (Top 5%)
Male,C,Medium,Employed,0,21,6,16480,270.874006,1,0.815172041180624,773.0025799405297,630.1300909280101,0.9865988536368774,1-Highest Review (Top 5%)
Male,C,Small,Employed,1,19,0,10150,240.0004036,0,0.8088561678265953,778.4735370412717,629.6731219256181,0.9865584887381933,1-Highest Review (Top 5%)
Male,C,Medium,Self-employed,0,19,7,7045,270.7883545,1,0.7767886211827427,810.3969222836607,629.5071078714632,0.9865181238395092,1-Highest Review (Top 5%)
Male,A,Medium,Self-employed,1,21,0,37120,248.5121203,1,0.77804455302578,808.7720200687997,629.2606648541865,0.986477758940825,1-Highest Review (Top 5%)
Male,A,Small,Housewife,0,18,0,8955,250.8413259,1,0.830035604141701,757.3530361999681,628.629984950792,0.9864373940421409,1-Highest Review (Top 5%)
Male,C,Small,Employed,0,18,2,23815,207.1446249,1,0.8162863949356203,770.0265681314211,628.5622113046455,0.9863970291434568,1-Highest Review (Top 5%)
Male,A,Medium,Employed,0,20,5,7210,222.711392,1,0.7476701160044986,840.409832398854,628.3493168809724,0.9863566642447728,1-Highest Review (Top 5%)
Male,B,Large,Unemployed,0,24,4,26435,201.3918071,1,0.7915265335818888,793.4709295470975,628.0532943624132,0.9863162993460887,1-Highest Review (Top 5%)
Male,A,Small,Employed,0,21,0,8215,240.0004036,1,0.7776683183888631,807.5592007579235,628.0132056528686,0.9862759344474046,1-Highest Review (Top 5%)
Male,C,Small,Unemployed,1,18,2,23420,129.8552354,1,0.8099324789940745,775.2981141390518,627.9391235440731,0.9862355695487204,1-Highest Review (Top 5%)
Male,A,Medium,Employed,0,20,5,21600,222.735365,1,0.7770219357724584,807.6423412718755,627.5558154268731,0.9861952046500363,1-Highest Review (Top 5%)
Male,B,Large,Self-employed,1,20,4,1885,272.9669948,1,0.7731377991784701,811.6981708253788,627.5545373891233,0.9861548397513522,1-Highest Review (Top 5%)
Male,E,Small,Unemployed,1,20,1,36905,183.8950396,1,0.8526678108520245,735.7656437553468,627.363680761002,0.9861144748526681,1-Highest Review (Top 5%)
Male,B,Medium,Employed,0,22,2,16160,272.9669948,1,0.8000185268130303,784.0233301111485,627.2331895425672,0.986074109953984,1-Highest Review (Top 5%)
Male,E,Small,Employed,0,18,6,6185,284.9991194,1,0.8498949981809734,737.6810590125626,626.9514423076204,0.9860337450553,1-Highest Review (Top 5%)
Male,A,Medium,Employed,1,23,3,41250,282.3344767,1,0.8022006957338016,781.5388200362472,626.9509851760519,0.9859933801566159,1-Highest Review (Top 5%)
Male,A,Large,Self-employed,0,20,1,25515,297.3851697,1,0.8092032283143149,774.6813545093876,626.8746529839027,0.9859530152579317,1-Highest Review (Top 5%)
Male,D,Small,Unemployed,0,21,5,45190,129.3156084,1,0.8210493035765151,763.4451748282416,626.8261291115786,0.9859126503592476,1-Highest Review (Top 5%)
Male,B,Small,Unemployed,1,23,7,19925,272.9669948,1,0.8156836025187267,768.3488182502692,626.7295320613861,0.9858722854605635,1-Highest Review (Top 5%)
Male,D,Medium,Employed,0,18,0,14935,238.240414,1,0.822356753193693,762.0413681233099,626.6698652891648,0.9858319205618794,1-Highest Review (Top 5%)
Male,A,Small,Unemployed,0,22,1,22260,178.2443114,1,0.7848277571104314,798.4392008413105,626.6372471853309,0.9857915556631953,1-Highest Review (Top 5%)
Female,B,Small,Unemployed,0,23,5,1115,275.2822626,1,0.793615994467295,789.3255119966127,626.4213511615986,0.9857511907645112,1-Highest Review (Top 5%)
Male,A,Medium,Self-employed,0,21,0,7535,248.5121203,1,0.7422483176630204,843.7399635537316,626.2645684928154,0.985710825865827,1-Highest Review (Top 5%)
Male,D,Large,Employed,0,18,0,19945,258.9237292,1,0.8526553407134474,734.4202018699208,626.2073074522361,0.985670460967143,1-Highest Review (Top 5%)
Male,C,Small,Unemployed,0,26,4,10575,253.6198858,1,0.7851578021414928,797.4304305857478,626.10872423945,0.9856300960684589,1-Highest Review (Top 5%)
Male,B,Large,Unemployed,0,25,6,10070,276.3355652,1,0.7886719179466647,793.5971061220417,625.8877517621935,0.9855897311697748,1-Highest Review (Top 5%)
Male,A,Medium,Unemployed,0,22,11,5280,296.4319078,1,0.7758753541522637,806.3707798479029,625.6432143925288,0.9855493662710907,1-Highest Review (Top 5%)
Male,D,Small,Unemployed,0,23,1,18605,245.331155,1,0.8338893398999653,750.0052414086456,625.4213756797695,0.9855090013724066,1-Highest Review (Top 5%)
Male,A,Large,Employed,0,18,7,15285,285.6217445,1,0.8077697909800731,774.0354342837692,625.2424409625703,0.9854686364737224,1-Highest Review (Top 5%)
Female,A,Small,Unemployed,0,23,0,24455,275.0923407,1,0.8217556141375457,760.5736189178295,625.0056413106366,0.9854282715750383,1-Highest Review (Top 5%)
Male,B,Medium,Employed,1,21,0,22885,258.9237292,1,0.8148680403664977,766.8294709327869,624.8648282742782,0.9853879066763542,1-Highest Review (Top 5%)
Male,A,Small,Unemployed,0,20,2,8930,125.9456252,1,0.7525161080075109,829.9642685381888,624.5614811456585,0.9853475417776701,1-Highest Review (Top 5%)
Male,E,Medium,Unemployed,0,18,7,49700,123.0199289,1,0.8301537961622459,752.1531350936449,624.402780393324,0.9853071768789861,1-Highest Review (Top 5%)
Male,A,Small,Unemployed,0,21,15,25090,208.8164363,0,0.7770865738260048,803.3579319070915,624.2786628616266,0.985266811980302,1-Highest Review (Top 5%)
Male,A,Small,Employed,0,22,3,15495,290.1327193,0,0.8022364225780374,778.0929351633005,624.214492738651,0.9852264470816178,1-Highest Review (Top 5%)
Male,B,Large,Employed,1,19,5,43525,200.6565503,1,0.7973919804279831,781.7101201643782,623.3293808384701,0.9851860821829337,1-Highest Review (Top 5%)
Male,C,Small,Employed,1,19,0,11440,236.3993842,1,0.807537916230123,771.2567255766652,622.819049050648,0.9851457172842496,1-Highest Review (Top 5%)
Male,E,Medium,Employed,0,18,6,5185,249.7835716,0,0.8241023179434858,755.6417221927702,622.7260947938695,0.9851053523855655,1-Highest Review (Top 5%)
Male,B,Large,Unemployed,0,26,3,5910,260.3601885,1,0.7696447095554431,808.5953078355651,622.3311008469976,0.9850649874868814,1-Highest Review (Top 5%)
Male,D,Small,Unemployed,0,19,2,23825,153.4523215,1,0.8287593791812666,750.772230799319,622.2095279037783,0.9850246225881973,1-Highest Review (Top 5%)
Male,C,Small,Unemployed,1,22,15,17465,270.7883545,1,0.8131614861762925,764.5750865201893,621.7230136481245,0.9849842576895133,1-Highest Review (Top 5%)
Male,D,Small,Unemployed,0,19,6,8195,169.5291484,0,0.798656360512198,777.6978749269326,621.1133543672146,0.9849438927908291,1-Highest Review (Top 5%)
Male,B,Small,Unemployed,0,25,4,26275,211.8309492,1,0.7850100764122951,789.952668755251,620.1208048616561,0.984903527892145,1-Highest Review (Top 5%)
Male,D,Medium,Unemployed,0,22,0,8430,190.0515645,1,0.7929493355416743,781.9384481563085,620.0375729000328,0.9848631629934609,1-Highest Review (Top 5%)
Male,A,Medium,Employed,1,21,3,13865,270.4632326,1,0.78144923748883,793.435639988991,620.0296758658588,0.9848227980947768,1-Highest Review (Top 5%)
Female,A,Medium,Unemployed,0,19,3,21890,182.367931,1,0.7716820683312302,803.4528056781002,620.0101228922064,0.9847824331960927,1-Highest Review (Top 5%)
Male,D,Small,Unemployed,0,23,6,13695,249.8117276,1,0.8199168863935283,755.8232989585616,619.7122859457887,0.9847420682974086,1-Highest Review (Top 5%)
Male,A,Small,Employed,0,24,0,43225,297.3851697,0,0.8183637807277123,756.564808566903,619.1452371043487,0.9847017033987244,1-Highest Review (Top 5%)
Male,A,Medium,Employed,0,22,3,17815,251.432848,1,0.7771125334638135,796.4440178012951,618.926628435663,0.9846613385000403,1-Highest Review (Top 5%)
Male,A,Large,Unemployed,0,20,6,10380,153.4523215,1,0.7557979543917972,818.8523225683392,618.8869103461228,0.9846209736013563,1-Highest Review (Top 5%)
Male,C,Small,Employed,0,20,5,15475,222.711392,1,0.7986268714239042,774.4054913235618,618.4610347492276,0.9845806087026722,1-Highest Review (Top 5%)
Male,A,Medium,Employed,0,22,2,18575,290.1327193,1,0.7985631340278555,774.4349160122008,618.4351736313022,0.9845402438039881,1-Highest Review (Top 5%)
Male,D,Large,Unemployed,0,24,5,15590,284.1301175,1,0.8352290493565727,740.4083114720243,618.410530126484,0.984499878905304,1-Highest Review (Top 5%)
Male,E,Small,Unemployed,0,18,1,21300,148.3685156,1,0.8439208505913701,732.6048272564088,618.2604889655723,0.9844595140066198,1-Highest Review (Top 5%)
Male,E,Small,Unemployed,0,20,0,6290,148.4018477,1,0.8223600791321107,751.2626421324678,617.8084058330548,0.9844191491079357,1-Highest Review (Top 5%)
Male,A,Medium,Employed,0,21,4,21760,222.2151274,1,0.7724037026600111,799.8456952598017,617.8037765753418,0.9843787842092516,1-Highest Review (Top 5%)
Male,E,Medium,Employed,0,21,3,41460,223.3085718,1,0.8385348303698968,736.5876980117358,617.6544404048237,0.9843384193105675,1-Highest Review (Top 5%)
Male,A,Large,Unemployed,0,19,0,1220,103.9493988,1,0.7543555603875515,818.5651188934673,617.4891489765843,0.9842980544118834,1-Highest Review (Top 5%)
Male,A,Small,Unemployed,0,26,0,6045,253.6198858,1,0.7607869521429329,811.5293479094272,617.4009391705549,0.9842576895131994,1-Highest Review (Top 5%)
Female,D,Small,Unemployed,0,18,7,29935,260.3601885,1,0.8543180672796903,721.6603089701183,616.5274403918156,0.9842173246145152,1-Highest Review (Top 5%)
Male,D,Medium,Self-employed,0,19,1,9115,284.2162652,0,0.8040724703949685,766.7034300611907,616.4851210695977,0.9841769597158311,1-Highest Review (Top 5%)
Male,B,Large,Unemployed,0,22,11,8660,272.9669948,1,0.7925863889489111,777.4453971002862,616.192639892668,0.984136594817147,1-Highest Review (Top 5%)
Male,A,Small,Unemployed,0,21,11,6115,238.240414,1,0.7611439301820536,809.2743584223489,615.9742657651466,0.9840962299184629,1-Highest Review (Top 5%)
Male,E,Small,Self-employed,0,20,4,44660,213.2556548,1,0.8226261769468994,748.2710765809517,615.5473750477289,0.9840558650197788,1-Highest Review (Top 5%)
Male,C,Medium,Self-employed,0,20,0,19135,222.2151274,1,0.779217565358161,789.9187329996793,615.5185519588133,0.9840155001210947,1-Highest Review (Top 5%)
Male,A,Small,Employed,1,23,5,43955,270.4632326,1,0.8032820191953455,765.5974841224557,614.9906929367627,0.9839751352224106,1-Highest Review (Top 5%)
Male,A,Medium,Housewife,0,21,4,5785,270.4632326,1,0.8118916999008388,756.983747559579,614.588821603454,0.9839347703237264,1-Highest Review (Top 5%)
Male,A,Medium,Unemployed,0,24,1,17160,216.4916013,1,0.7567949732251279,811.6262851814143,614.2346927626785,0.9838944054250424,1-Highest Review (Top 5%)
Male,A,Large,Unemployed,0,22,0,9535,162.666477,1,0.7585071520234966,809.5400531854801,614.0419201906685,0.9838540405263583,1-Highest Review (Top 5%)
Male,A,Medium,Self-employed,0,19,3,23470,207.1446249,1,0.7466613337114859,822.2293154033923,613.9268372557789,0.9838136756276742,1-Highest Review (Top 5%)
Male,C,Large,Unemployed,1,23,0,27000,205.4307964,0,0.8170245716935746,750.8971113099904,613.5013907539873,0.9837733107289901,1-Highest Review (Top 5%)
Male,E,Small,Self-employed,0,20,4,19165,276.3355652,1,0.841850167177104,728.5520478300979,613.3316632629894,0.983732945830306,1-Highest Review (Top 5%)
Male,B,Small,Housewife,0,18,2,16260,250.8413259,0,0.8423950848302711,728.0806121592449,613.3315290431628,0.9836925809316218,1-Highest Review (Top 5%)
Male,D,Medium,Employed,0,18,3,18990,225.0430894,1,0.8134560612960232,753.6727025844211,613.0796281506523,0.9836522160329377,1-Highest Review (Top 5%)
Male,D,Small,Employed,0,18,3,15180,232.9029787,1,0.8191633270031194,748.2337942247278,612.9256842532955,0.9836118511342536,1-Highest Review (Top 5%)
Male,E,Large,Unemployed,0,25,4,35640,240.0004036,1,0.8447204665327396,725.2990256819986,612.6749313498393,0.9835714862355696,1-Highest Review (Top 5%)
Female,A,Small,Unemployed,0,19,0,23235,182.367931,0,0.7926985590920478,772.8226032965703,612.6153640669565,0.9835311213368855,1-Highest Review (Top 5%)
Male,A,Medium,Unemployed,0,25,6,15735,249.7835716,1,0.7579452515386634,808.2008811377091,612.5720201476903,0.9834907564382014,1-Highest Review (Top 5%)
Male,C,Medium,Employed,0,18,3,9210,178.2443114,1,0.7655401840099465,800.0024809783935,612.4340464966131,0.9834503915395172,1-Highest Review (Top 5%)
Male,A,Medium,Housewife,0,20,0,23475,296.4319078,1,0.8569881052815199,714.4090356382835,612.2400458476504,0.9834100266408331,1-Highest Review (Top 5%)
Male,E,Small,Unemployed,0,22,3,22525,190.0515645,1,0.8383673438073858,730.1276472661956,612.1151762788962,0.983369661742149,1-Highest Review (Top 5%)
Male,D,Medium,Unemployed,1,24,5,2735,270.7883545,0,0.8023712475548139,762.7957901858528,612.0454098009827,0.9833292968434649,1-Highest Review (Top 5%)
Male,B,Medium,Housewife,1,19,3,37320,232.9029787,1,0.8370458682369895,731.1653479584526,612.0189335066834,0.9832889319447808,1-Highest Review (Top 5%)
Male,E,Medium,Unemployed,0,24,1,18225,251.432848,1,0.8371003689476756,730.5310240647887,611.5277897723579,0.9832485670460968,1-Highest Review (Top 5%)
Male,E,Small,Employed,0,19,1,15355,284.9991194,1,0.8633327264536919,708.2555197457864,611.4601688880064,0.9832082021474126,1-Highest Review (Top 5%)
Male,E,Small,Unemployed,0,18,2,9690,129.6690079,1,0.8162208507400717,749.1195516300211,611.4469977374769,0.9831678372487285,1-Highest Review (Top 5%)
Male,B,Medium,Employed,1,18,3,14175,211.8309492,1,0.7645473673009872,799.7460184441542,611.4437129109248,0.9831274723500444,1-Highest Review (Top 5%)
Female,A,Large,Unemployed,0,20,6,27105,222.711392,1,0.7962693739366564,767.7841693635104,611.3630198575582,0.9830871074513603,1-Highest Review (Top 5%)
Male,C,Large,Employed,0,18,6,19660,222.735365,1,0.8082654586333256,756.166775072055,611.1834852568973,0.9830467425526762,1-Highest Review (Top 5%)
Male,A,Small,Employed,0,19,3,10645,200.6565503,1,0.7555169879652952,808.7902015223679,611.0547369500234,0.9830063776539921,1-Highest Review (Top 5%)
Female,E,Large,Unemployed,0,21,4,13390,270.7883545,1,0.8515407722477522,717.2707565791875,610.7852939681708,0.982966012755308,1-Highest Review (Top 5%)
Male,B,Small,Unemployed,0,22,2,6445,148.9956325,0,0.7552811530200639,808.3712916235914,610.5476012057845,0.9829256478566238,1-Highest Review (Top 5%)
Male,A,Large,Employed,0,20,6,13065,249.7835716,1,0.7807495781083833,781.6697226920454,610.2883062119114,0.9828852829579398,1-Highest Review (Top 5%)
Female,A,Medium,Unemployed,0,23,1,8000,270.874006,1,0.7696842078888265,791.1365527690197,608.9253109499197,0.9828449180592557,1-Highest Review (Top 5%)
Female,A,Small,Unemployed,0,21,0,2640,210.189841,0,0.7613836802353805,799.1505084373055,608.4601551759712,0.9828045531605716,1-Highest Review (Top 5%)
Male,B,Small,Unemployed,0,23,0,7925,162.9324677,0,0.7603956488798742,799.5265618030381,607.956518758916,0.9827641882618875,1-Highest Review (Top 5%)
Male,A,Large,Unemployed,0,23,5,18595,190.0515645,1,0.7643525919822945,794.6407304663456,607.3857020266552,0.9827238233632034,1-Highest Review (Top 5%)
Male,B,Medium,Unemployed,1,22,0,13925,171.3729361,1,0.7635714396761696,795.3700001738894,607.321816108012,0.9826834584645192,1-Highest Review (Top 5%)
Male,A,Small,Self-employed,1,19,0,7490,240.0004036,1,0.7465978155808133,813.2568986902471,607.1758240681653,0.9826430935658351,1-Highest Review (Top 5%)
Male,A,Small,Self-employed,0,22,5,21740,284.2162652,1,0.7830750454841647,774.923788473803,606.8234809058846,0.982602728667151,1-Highest Review (Top 5%)
Male,D,Large,Employed,0,20,3,18765,270.7883545,1,0.8435874214142943,719.1694130483705,606.6822707135065,0.982562363768467,1-Highest Review (Top 5%)
Male,A,Large,Unemployed,0,18,8,9595,171.3729361,1,0.7538206317955816,804.5594338819565,606.4935007659918,0.9825219988697829,1-Highest Review (Top 5%)
Male,D,Small,Unemployed,0,20,0,5490,137.8873343,1,0.7985169336579834,759.2082670803733,606.2406574368109,0.9824816339710988,1-Highest Review (Top 5%)
Male,E,Large,Self-employed,0,18,5,9805,249.8117276,1,0.8119460162514185,746.4559607689937,606.0819436535096,0.9824412690724146,1-Highest Review (Top 5%)
Female,E,Small,Unemployed,0,20,2,5950,237.675525,1,0.8289814615311978,730.9047594947441,605.9064957660615,0.9824009041737305,1-Highest Review (Top 5%)
Male,A,Small,Unemployed,0,22,2,20350,157.245582,0,0.77067270504713,786.1315976675269,605.850164897455,0.9823605392750464,1-Highest Review (Top 5%)
Male,A,Small,Employed,0,22,1,18320,276.3355652,1,0.8039211821880474,752.9984092394482,605.3513713414962,0.9823201743763623,1-Highest Review (Top 5%)
Male,B,Medium,Employed,0,20,8,28435,297.3851697,1,0.823072431477941,735.2252360180405,605.1436226933116,0.9822798094776782,1-Highest Review (Top 5%)
Female,A,Small,Unemployed,0,21,7,13485,270.7883545,1,0.7916066589006392,763.9929578673032,604.7819128009527,0.9822394445789941,1-Highest Review (Top 5%)
Male,D,Medium,Employed,0,18,2,8040,225.1417422,1,0.7923614753153481,762.912288842165,604.5023067231868,0.98219907968031,1-Highest Review (Top 5%)
Male,B,Medium,Unemployed,0,23,2,28535,150.2239631,1,0.7758637147548431,778.9848706344568,604.3860954682705,0.9821587147816259,1-Highest Review (Top 5%)
Male,A,Small,Housewife,0,20,0,17575,270.7883545,1,0.8481062872849823,712.4564328609227,604.2387801259795,0.9821183498829418,1-Highest Review (Top 5%)
Male,B,Medium,Unemployed,0,23,3,27090,137.8873343,1,0.7714941136423986,782.5787626128049,603.7549088173309,0.9820779849842577,1-Highest Review (Top 5%)
Male,A,Medium,Self-employed,1,19,1,9880,250.8413259,1,0.7387994022144735,816.9766545827154,603.5818640288905,0.9820376200855736,1-Highest Review (Top 5%)
Male,D,Small,Unemployed,0,20,0,8750,139.2056697,1,0.8006578846529929,753.8315868987193,603.5612037509374,0.9819972551868895,1-Highest Review (Top 5%)
Male,C,Small,Employed,1,21,0,21335,253.6198858,1,0.8283651630789712,728.4233402539201,603.4005190399674,0.9819568902882054,1-Highest Review (Top 5%)
Male,A,Small,Unemployed,0,19,2,16520,100.833778,1,0.7567461303853777,796.9009981359237,603.0517466396054,0.9819165253895212,1-Highest Review (Top 5%)
Male,A,Small,Employed,0,22,2,16815,260.3601885,1,0.7891315477991883,764.1453357379997,603.0111915344581,0.9818761604908371,1-Highest Review (Top 5%)
Male,E,Medium,Unemployed,0,20,4,28480,109.6318854,1,0.8263313491372642,729.3543643058048,602.6883758559674,0.9818357955921531,1-Highest Review (Top 5%)
Female,A,Medium,Unemployed,0,20,1,14245,206.2302755,1,0.757591184769007,795.369649467944,602.5650350697294,0.981795430693469,1-Highest Review (Top 5%)
Male,A,Small,Unemployed,0,22,9,10650,237.675525,1,0.7638569895942681,788.7991139734698,602.5297165944006,0.9817550657947849,1-Highest Review (Top 5%)
Male,E,Medium,Unemployed,0,20,1,9255,147.9690558,1,0.807233850044982,746.4031820536122,602.5219143349631,0.9817147008961008,1-Highest Review (Top 5%)
Male,B,Medium,Self-employed,0,20,1,41090,182.367931,1,0.7564944858711945,796.442375602252,602.5042654572584,0.9816743359974166,1-Highest Review (Top 5%)
Male,E,Medium,Unemployed,1,24,5,15270,282.3344767,1,0.8367656621251434,719.9629724138267,602.4402933174421,0.9816339710987325,1-Highest Review (Top 5%)
Male,C,Medium,Employed,0,20,0,25230,189.9730181,0,0.8039397626154963,749.0027879274686,602.153123524754,0.9815936062000484,1-Highest Review (Top 5%)
Male,A,Medium,Unemployed,0,19,9,8065,180.0831298,1,0.7369720897975419,817.007282475389,602.1115643456981,0.9815532413013643,1-Highest Review (Top 5%)
Male,A,Medium,Housewife,0,20,5,30560,234.675271,0,0.8267057996701678,728.317032739859,602.1039149646089,0.9815128764026803,1-Highest Review (Top 5%)
Male,A,Small,Unemployed,0,27,0,28405,296.4319078,1,0.8053358717141611,746.9941585406691,601.581191833736,0.9814725115039962,1-Highest Review (Top 5%)
Male,E,Medium,Employed,0,18,2,9610,222.6929824,1,0.8126405734768353,740.0945289202125,601.4308424087898,0.981432146605312,1-Highest Review (Top 5%)
Male,A,Medium,Unemployed,0,21,3,43190,76.05272599,0,0.742282006130444,810.0900831925518,601.3152920985457,0.9813917817066279,1-Highest Review (Top 5%)
Male,E,Medium,Unemployed,1,18,2,18765,156.1042255,1,0.8230149888106791,730.5690913455605,601.2693125391945,0.9813514168079438,1-Highest Review (Top 5%)
Male,E,Medium,Employed,1,18,3,7025,237.675525,1,0.8136063241243175,738.6705957415735,600.9870681400214,0.9813110519092597,1-Highest Review (Top 5%)
Male,C,Small,Unemployed,0,24,2,29190,183.8950396,0,0.7994474366391935,751.3486744034271,600.6637717740758,0.9812706870105756,1-Highest Review (Top 5%)
Male,E,Medium,Unemployed,0,19,2,20080,126.1401885,0,0.8229703314691966,729.8053023151882,600.6081115543077,0.9812303221118915,1-Highest Review (Top 5%)
Female,B,Small,Unemployed,0,24,0,6130,270.7883545,1,0.7876820523892627,762.0123698153319,600.2234674021465,0.9811899572132073,1-Highest Review (Top 5%)
Male,B,Small,Unemployed,0,18,11,18495,186.6850127,1,0.7781147352477017,771.3013069875102,600.1609122827928,0.9811495923145233,1-Highest Review (Top 5%)
Male,A,Small,Self-employed,0,23,0,35115,249.8117276,1,0.776769025277517,772.4838235283114,600.0415066447359,0.9811092274158392,1-Highest Review (Top 5%)
Male,E,Medium,Self-employed,0,19,0,18630,237.4189585,1,0.8191236239473343,732.5388466603713,600.0398747586439,0.9810688625171551,1-Highest Review (Top 5%)
Male,B,Small,Unemployed,1,25,1,9750,259.0040603,1,0.7759227833638395,773.2971788215145,600.0188993585942,0.981028497618471,1-Highest Review (Top 5%)
Female,C,Medium,Employed,0,19,5,23980,276.9950185,1,0.8259181650633193,726.3683083628305,599.9207804031762,0.9809881327197869,1-Highest Review (Top 5%)
Male,B,Small,Housewife,0,18,3,3295,216.4916013,1,0.8073196899918745,742.9625919194928,599.8083293840044,0.9809477678211028,1-Highest Review (Top 5%)
Male,B,Medium,Unemployed,1,22,0,29465,139.637282,1,0.7842622136010415,764.6837813925133,599.7125950997074,0.9809074029224186,1-Highest Review (Top 5%)
Male,C,Small,Employed,0,21,5,11520,223.3475567,1,0.7834696311548697,765.3798463059709,599.6518658787098,0.9808670380237345,1-Highest Review (Top 5%)
Male,A,Medium,Self-employed,1,21,0,27010,249.8117276,1,0.7718901996377799,776.2565051607482,599.1847887386554,0.9808266731250505,1-Highest Review (Top 5%)
Male,C,Small,Unemployed,0,22,0,1485,126.1401885,1,0.7737561178490222,774.1689874221355,599.01799026686,0.9807863082263664,1-Highest Review (Top 5%)
Male,C,Small,Employed,0,22,6,11945,284.1301175,1,0.8110433191091142,738.2351413495151,598.7406793230967,0.9807459433276823,1-Highest Review (Top 5%)
Male,A,Small,Employed,0,20,2,6305,212.4247054,1,0.750321385874712,797.7210083320192,598.5471325130533,0.9807055784289982,1-Highest Review (Top 5%)
Male,C,Small,Employed,0,21,0,9775,216.4916013,0,0.7878397773877593,759.6411228435884,598.4754931156803,0.980665213530314,1-Highest Review (Top 5%)
Male,E,Medium,Employed,0,21,0,13885,258.9237292,0,0.8397439458857814,712.6876231470229,598.4751168454397,0.9806248486316299,1-Highest Review (Top 5%)
Male,A,Large,Employed,0,20,1,3020,225.1417422,1,0.7598933214504697,787.5475757241595,598.4521431172969,0.9805844837329458,1-Highest Review (Top 5%)
Female,B,Medium,Unemployed,0,20,9,22860,275.0923407,1,0.8125230871408027,736.4590125887396,598.3899504612699,0.9805441188342617,1-Highest Review (Top 5%)
Female,B,Medium,Unemployed,1,18,3,10645,184.4785165,1,0.7511301573081669,796.5742645070796,598.3309526068401,0.9805037539355776,1-Highest Review (Top 5%)
Male,E,Small,Unemployed,1,19,0,36385,120.7793723,1,0.8449154303832749,707.9683108475418,598.1733500574709,0.9804633890368936,1-Highest Review (Top 5%)
Male,B,Small,Unemployed,0,24,4,16985,181.4165594,1,0.7618131642246146,784.5551273740521,597.6844240934722,0.9804230241382094,1-Highest Review (Top 5%)
Male,E,Medium,Employed,0,21,2,6065,258.9237292,1,0.8229812376387126,726.202155427094,597.6507486492906,0.9803826592395253,1-Highest Review (Top 5%)
Male,A,Small,Unemployed,0,26,5,24905,239.4551701,1,0.7719534760755434,774.1512879789327,597.6087777636961,0.9803422943408412,1-Highest Review (Top 5%)
Male,D,Large,Employed,0,19,2,8000,245.331155,0,0.8127951132274164,734.9217433871282,597.3408016296312,0.9803019294421571,1-Highest Review (Top 5%)
Female,D,Medium,Unemployed,0,22,3,21310,258.9237292,1,0.8276208413515475,721.7270984289353,597.3163884279666,0.980261564543473,1-Highest Review (Top 5%)
Male,E,Medium,Unemployed,0,25,4,24205,234.675271,1,0.8257392379516638,723.3314762301336,597.2831819687226,0.9802211996447889,1-Highest Review (Top 5%)
Male,D,Small,Employed,0,21,5,5345,260.3601885,1,0.8117030154224679,735.316909949801,596.8589530973848,0.9801808347461047,1-Highest Review (Top 5%)
Male,A,Medium,Unemployed,0,23,2,8210,169.7885554,1,0.7259422963667521,821.9806882357514,596.7105483869847,0.9801404698474206,1-Highest Review (Top 5%)
Male,A,Medium,Housewife,1,19,0,21550,272.9669948,1,0.8451892066917012,705.8514084893436,596.5779919833283,0.9801001049487366,1-Highest Review (Top 5%)
Male,B,Large,Employed,0,22,6,7420,275.0923407,1,0.7871986832780139,757.8073367200082,596.544937644409,0.9800597400500525,1-Highest Review (Top 5%)
Female,D,Small,Unemployed,0,21,0,16525,248.5121203,1,0.8336945020689221,715.1715108008302,596.2345565909769,0.9800193751513684,1-Highest Review (Top 5%)
Female,A,Small,Employed,0,18,0,16215,276.3355652,1,0.8056936557929332,739.682656944703,595.9576240004078,0.9799790102526843,1-Highest Review (Top 5%)
Male,D,Medium,Unemployed,1,18,2,21850,148.4945135,1,0.8076909718755734,737.8483133493274,595.9534213058708,0.9799386453540002,1-Highest Review (Top 5%)
Male,A,Medium,Unemployed,0,18,4,7910,76.05272599,1,0.707843802873094,841.5949082757148,595.7177403525147,0.979898280455316,1-Highest Review (Top 5%)
Male,A,Small,Housewife,0,18,3,8850,222.2151274,1,0.8001580390942612,744.423589959915,595.656519997836,0.9798579155566319,1-Highest Review (Top 5%)
Male,A,Small,Unemployed,0,22,8,28885,200.6565503,1,0.7812793687247723,762.1103817721068,595.4211179695069,0.9798175506579478,1-Highest Review (Top 5%)
Female,C,Large,Unemployed,0,23,3,10630,249.8117276,1,0.7923734490155372,750.9688277574727,595.0477601533436,0.9797771857592638,1-Highest Review (Top 5%)
Male,D,Medium,Employed,1,19,0,6120,245.331155,1,0.8045670121549225,738.978205947721,594.557487206963,0.9797368208605797,1-Highest Review (Top 5%)
Male,E,Small,Employed,0,19,0,8505,222.6929824,1,0.8265437514584888,719.1433664885996,594.4034559739739,0.9796964559618956,1-Highest Review (Top 5%)
Male,D,Medium,Unemployed,0,20,0,9005,122.4496948,1,0.7847243712416972,757.3508442887048,594.3116650938224,0.9796560910632114,1-Highest Review (Top 5%)
Male,E,Medium,Unemployed,0,23,6,4685,212.4247054,1,0.7951389462872488,747.3988128294646,594.2859044895612,0.9796157261645273,1-Highest Review (Top 5%)
Male,A,Medium,Self-employed,0,20,2,6415,221.7063984,1,0.7113460767048645,835.3804647332047,594.2446161438515,0.9795753612658432,1-Highest Review (Top 5%)
Male,B,Medium,Housewife,0,19,2,18625,234.675271,1,0.8252811551336466,719.3073799943963,593.6308254579324,0.9795349963671591,1-Highest Review (Top 5%)
Male,A,Medium,Self-employed,0,20,2,8405,222.711392,1,0.7137236533849769,831.6917929054431,593.5981049227745,0.979494631468475,1-Highest Review (Top 5%)
Male,E,Small,Employed,0,21,0,6140,251.432848,1,0.8344863952896939,711.2429018901574,593.522525373699,0.979454266569791,1-Highest Review (Top 5%)
Male,A,Small,Unemployed,0,20,2,28845,91.55064058,0,0.7691271438273175,771.0308058676809,593.0207215198843,0.9794139016711068,1-Highest Review (Top 5%)
Male,B,Small,Self-employed,0,22,2,29285,239.4551701,0,0.7782734691475706,761.9086726772204,592.9733058581211,0.9793735367724227,1-Highest Review (Top 5%)
Male,D,Medium,Employed,0,19,5,21010,222.711392,1,0.8107990410615498,731.2496968871329,592.8965530126363,0.9793331718737386,1-Highest Review (Top 5%)
Male,B,Small,Employed,0,18,3,18735,169.5291484,0,0.7759032669723079,764.0523438269596,592.830709713187,0.9792928069750545,1-Highest Review (Top 5%)
Male,B,Large,Self-employed,0,19,1,17485,222.711392,1,0.7637528725330416,776.0771578141502,592.7311585878358,0.9792524420763704,1-Highest Review (Top 5%)
Male,D,Small,Employed,0,21,3,20050,259.0040603,1,0.83429350506457,710.0896968207045,592.4232220707834,0.9792120771776863,1-Highest Review (Top 5%)
Female,A,Small,Unemployed,0,20,0,22545,181.4165594,1,0.7850481265056718,754.4679093133122,592.2936187150668,0.9791717122790021,1-Highest Review (Top 5%)
Male,C,Medium,Employed,0,20,4,11690,184.4785165,1,0.7631282529294007,775.7431266178096,591.9914969378399,0.979131347380318,1-Highest Review (Top 5%)
Female,C,Medium,Unemployed,0,20,15,5260,240.0004036,0,0.7619714861452511,776.8321993081962,591.9239853923502,0.979090982481634,1-Highest Review (Top 5%)
Male,A,Medium,Employed,0,19,4,27955,157.245582,0,0.7648642081438236,773.4463651335248,591.581441609572,0.9790506175829499,1-Highest Review (Top 5%)
Male,E,Medium,Self-employed,0,20,0,7545,237.675525,1,0.7957690137921444,743.2285067653694,591.4382158508861,0.9790102526842658,1-Highest Review (Top 5%)
Male,D,Medium,Employed,0,19,2,8465,225.0430894,1,0.7896465378693812,748.9843399129328,591.4328909306312,0.9789698877855817,1-Highest Review (Top 5%)
Male,A,Medium,Unemployed,0,22,9,10555,225.1417422,1,0.741873862628222,797.1524595460143,591.3865742669891,0.9789295228868976,1-Highest Review (Top 5%)
Male,B,Small,Housewife,0,21,0,13315,270.7883545,1,0.8445663474513826,699.8288519084717,591.0518972974326,0.9788891579882134,1-Highest Review (Top 5%)
Male,B,Medium,Employed,0,20,8,9975,260.3601885,1,0.7744493170325868,763.1840006699164,591.047328089014,0.9788487930895293,1-Highest Review (Top 5%)
Male,A,Medium,Employed,1,24,0,49050,256.6405915,1,0.7823520314521439,755.3212155347219,590.9270873724923,0.9788084281908452,1-Highest Review (Top 5%)
Female,B,Small,Unemployed,0,21,4,42115,133.2886429,0,0.7810959849898955,756.2777749891055,590.725533581082,0.9787680632921612,1-Highest Review (Top 5%)
Male,B,Large,Unemployed,0,23,3,17625,162.9324677,1,0.7673434604705999,769.7985530541741,590.6998855658506,0.9787276983934771,1-Highest Review (Top 5%)
Male,C,Medium,Unemployed,0,24,2,22390,182.367931,0,0.7787059833458628,758.4162909749909,590.5833036492023,0.978687333494793,1-Highest Review (Top 5%)
Male,A,Medium,Unemployed,1,27,4,45440,232.9029787,1,0.7448031169757519,792.5818940496052,590.3174651466911,0.9786469685961088,1-Highest Review (Top 5%)
Male,B,Medium,Employed,0,20,7,16095,237.675525,0,0.7738867467067186,762.6709638342268,590.2209510093472,0.9786066036974247,1-Highest Review (Top 5%)
Female,E,Large,Unemployed,0,20,2,36150,212.4247054,1,0.8477604032897857,695.7983418103938,589.8702828615436,0.9785662387987406,1-Highest Review (Top 5%)
Male,A,Small,Employed,1,18,3,17965,207.1446249,0,0.7664788119292761,769.3089607240278,589.659018222299,0.9785258739000565,1-Highest Review (Top 5%)
Male,A,Small,Self-employed,0,19,2,19605,211.8309492,1,0.747429219823476,788.7375200834189,589.525469281453,0.9784855090013724,1-Highest Review (Top 5%)
Male,D,Large,Unemployed,1,19,3,30960,137.8873343,0,0.8223407992239604,716.8793660496202,589.5191508244108,0.9784451441026883,1-Highest Review (Top 5%)
Male,E,Large,Unemployed,0,18,6,24335,136.1308048,1,0.8368621127544542,704.0974213476485,589.2324556139563,0.9784047792040041,1-Highest Review (Top 5%)
Male,B,Small,Unemployed,0,19,15,21080,144.998902,1,0.7674416132349839,767.7381058212227,589.1941704734099,0.9783644143053201,1-Highest Review (Top 5%)
Male,E,Large,Unemployed,0,21,15,42230,190.0515645,0,0.826571424156247,712.2819156595842,588.7518774274823,0.978324049406636,1-Highest Review (Top 5%)
Female,B,Medium,Unemployed,1,23,0,16665,290.1327193,1,0.8025047229598422,733.5479867691836,588.6757238999537,0.9782836845079519,1-Highest Review (Top 5%)
Male,A,Small,Employed,0,23,2,25930,260.3601885,1,0.7975990628873263,737.7036783419825,588.3917625340988,0.9782433196092678,1-Highest Review (Top 5%)
Male,B,Small,Unemployed,0,20,1,25050,93.38235115,1,0.7803208819731998,753.8865586769668,588.2734243745513,0.9782029547105837,1-Highest Review (Top 5%)
Male,B,Small,Unemployed,0,24,4,5660,166.5549379,1,0.7369003473035793,797.676972771256,587.8084382712063,0.9781625898118995,1-Highest Review (Top 5%)
Female,A,Large,Unemployed,1,20,7,43870,222.711392,1,0.7860729456038822,747.6413203013768,587.7006149044788,0.9781222249132154,1-Highest Review (Top 5%)
Male,A,Medium,Self-employed,1,23,0,44730,245.331155,0,0.7541572276194468,779.2770629837926,587.6974293672821,0.9780818600145313,1-Highest Review (Top 5%)
Male,B,Medium,Housewife,0,18,6,29200,218.9832303,1,0.8278418368266185,709.7861038844264,587.5906319936927,0.9780414951158473,1-Highest Review (Top 5%)
Male,A,Medium,Unemployed,1,24,10,41475,284.9991194,1,0.7898428034410517,743.8838510394164,587.5513063394984,0.9780011302171632,1-Highest Review (Top 5%)
Female,B,Small,Unemployed,1,19,4,5205,181.4165594,1,0.7528041621867013,780.0701361051754,587.2400452575226,0.9779607653184791,1-Highest Review (Top 5%)
Male,C,Small,Unemployed,0,23,1,2215,162.9324677,1,0.7654543140247949,767.0983035783408,587.1787057551428,0.977920400419795,1-Highest Review (Top 5%)
Male,D,Small,Unemployed,0,22,14,19430,259.0040603,1,0.8188261268189462,717.0846130372446,587.1676162947498,0.9778800355211108,1-Highest Review (Top 5%)
Male,D,Medium,Self-employed,0,21,0,40670,216.4916013,1,0.7947438663435471,738.8124803459662,587.1666871330191,0.9778396706224267,1-Highest Review (Top 5%)
Female,A,Medium,Unemployed,0,21,1,8230,207.1446249,0,0.7390804228570619,793.7288556724845,586.6294582842717,0.9777993057237426,1-Highest Review (Top 5%)
Male,B,Medium,Employed,0,21,1,4870,212.4247054,0,0.7468547217666703,785.3823511497736,586.5665173484176,0.9777589408250585,1-Highest Review (Top 5%)
Female,B,Small,Employed,0,20,3,2705,285.6217445,1,0.7915749669241496,740.7565637461179,586.36435244618,0.9777185759263745,1-Highest Review (Top 5%)
Male,E,Small,Unemployed,0,21,0,13765,148.9956325,1,0.8232216589567429,712.1607706268246,586.266171039327,0.9776782110276904,1-Highest Review (Top 5%)
Male,A,Medium,Employed,0,18,1,6630,180.0831298,1,0.7322957698164034,800.4830076827727,586.190320336006,0.9776378461290062,1-Highest Review (Top 5%)
Male,C,Small,Employed,0,24,5,29755,284.9991194,1,0.8263231263631625,709.264025471472,586.0812669445085,0.9775974812303221,1-Highest Review (Top 5%)
Male,C,Small,Employed,0,21,4,20965,201.3918071,1,0.7939833600837357,737.9093864577848,585.8877740970798,0.977557116331638,1-Highest Review (Top 5%)
Male,C,Small,Employed,1,22,0,14045,290.1327193,1,0.8217373119011132,712.6294818141013,585.5942347674028,0.9775167514329539,1-Highest Review (Top 5%)
Male,A,Large,Self-employed,1,21,4,13265,290.1327193,1,0.7639262270434085,766.2493842442386,585.3580010800362,0.9774763865342698,1-Highest Review (Top 5%)
Male,A,Medium,Housewife,1,21,4,41185,232.9029787,0,0.8157740541382692,717.2532784968055,585.1166148433041,0.9774360216355857,1-Highest Review (Top 5%)
Female,B,Small,Unemployed,0,19,13,10105,250.8413259,0,0.7698923927642649,759.6870618668214,584.8772898127013,0.9773956567369015,1-Highest Review (Top 5%)
Female,A,Small,Unemployed,0,21,4,24465,183.8950396,1,0.773791044065246,755.792099119217,584.8251574737228,0.9773552918382175,1-Highest Review (Top 5%)
Male,E,Small,Unemployed,1,18,2,9025,141.4896565,1,0.809532009855856,722.4029365142785,584.8083011221763,0.9773149269395334,1-Highest Review (Top 5%)
Male,E,Small,Self-employed,0,19,0,42715,184.4785165,1,0.8207002271882047,712.389308809696,584.6580675865656,0.9772745620408493,1-Highest Review (Top 5%)
Male,D,Large,Employed,0,19,6,13225,296.4319078,0,0.8354249068227771,699.8037907990147,584.633516722493,0.9772341971421652,1-Highest Review (Top 5%)
Female,B,Small,Unemployed,0,18,0,8165,139.2056697,1,0.7613308610904761,767.8930684086073,584.6206909969328,0.9771938322434811,1-Highest Review (Top 5%)
Male,E,Medium,Employed,0,22,3,15105,276.3355652,1,0.8359626178557439,699.3094342898116,584.5965453801302,0.9771534673447969,1-Highest Review (Top 5%)
Female,B,Medium,Unemployed,0,24,0,11945,251.432848,1,0.768948451906631,760.1270705153402,584.4985341250933,0.9771131024461128,1-Highest Review (Top 5%)
Male,D,Medium,Self-employed,0,19,5,29990,213.2556548,1,0.7896617775564303,739.9755288703202,584.3303914759966,0.9770727375474287,1-Highest Review (Top 5%)
Male,C,Small,Unemployed,1,26,4,19620,253.6198858,1,0.7927126238607838,736.8494977750397,584.1098987717525,0.9770323726487447,1-Highest Review (Top 5%)
Female,C,Medium,Employed,0,19,2,13650,284.2162652,1,0.807564873072637,722.8979751224466,583.7870115242249,0.9769920077500606,1-Highest Review (Top 5%)
Male,A,Medium,Employed,0,18,14,12800,248.5121203,1,0.7435162121646532,784.9947485495649,583.6563220107168,0.9769516428513765,1-Highest Review (Top 5%)
Male,C,Small,Employed,0,19,0,11475,174.6445246,1,0.7823283746913675,745.4168489118398,583.1607518767603,0.9769112779526924,1-Highest Review (Top 5%)
Male,B,Medium,Housewife,1,20,4,29465,237.4189585,1,0.8325253728167761,700.4648997028094,583.1548017701471,0.9768709130540082,1-Highest Review (Top 5%)
Male,B,Medium,Employed,0,18,2,11090,167.9366556,1,0.7453907374921818,781.8547642057789,582.7872993031215,0.9768305481553241,1-Highest Review (Top 5%)
Male,D,Small,Unemployed,0,18,11,15030,218.9832303,1,0.8048744620761423,723.7817003284997,582.5534067124569,0.97679018325664,1-Highest Review (Top 5%)
Male,A,Medium,Employed,0,25,0,38620,259.0040603,1,0.779903332245209,746.8470163442148,582.4684767242452,0.9767498183579559,1-Highest Review (Top 5%)
Male,D,Small,Unemployed,0,23,0,23410,189.9730181,0,0.818579669813629,711.3703587381746,582.3133133710977,0.9767094534592718,1-Highest Review (Top 5%)
Male,C,Small,Employed,0,21,0,45895,148.4018477,1,0.8013305904479031,726.5510927214488,582.2076161210477,0.9766690885605878,1-Highest Review (Top 5%)
Male,B,Small,Employed,0,21,2,40480,169.5291484,1,0.7828591935757312,743.6821211183385,582.1983856153918,0.9766287236619036,1-Highest Review (Top 5%)
Male,D,Medium,Housewife,0,19,4,12635,260.3601885,1,0.8487980379798765,685.898785831914,582.1895436669081,0.9765883587632195,1-Highest Review (Top 5%)
Male,A,Small,Employed,1,21,0,2770,234.675271,1,0.7597360396380015,766.1346828458665,582.0601297746349,0.9765479938645354,1-Highest Review (Top 5%)
Male,A,Small,Employed,1,22,5,22985,293.5560359,1,0.8054873263423576,722.4034081282256,581.8867897538114,0.9765076289658513,1-Highest Review (Top 5%)
Female,A,Small,Unemployed,0,18,1,13660,171.3729361,1,0.7578394076034948,767.7637744784853,581.8416440301985,0.9764672640671672,1-Highest Review (Top 5%)
Male,D,Small,Unemployed,1,19,0,12315,144.998902,1,0.8017527258956673,725.6643508086365,581.8033713461341,0.9764268991684831,1-Highest Review (Top 5%)
Female,B,Medium,Unemployed,0,24,1,11825,275.0923407,1,0.7767371700342746,748.8366968433213,581.6492967238954,0.9763865342697989,1-Highest Review (Top 5%)
Male,D,Small,Housewife,0,21,0,47025,293.5560359,1,0.8883647443211184,654.7315275059351,581.6404060317853,0.9763461693711148,1-Highest Review (Top 5%)
Male,C,Small,Employed,0,21,1,16790,222.6929824,0,0.7957120462259888,730.7937631471909,581.5014006430418,0.9763058044724308,1-Highest Review (Top 5%)
Male,A,Small,Self-employed,1,20,6,14055,275.2822626,1,0.7600874221950458,764.8697548209486,581.3678802568115,0.9762654395737467,1-Highest Review (Top 5%)
Male,B,Medium,Unemployed,0,22,0,7715,106.5803023,1,0.7347543899414635,791.0626204664003,581.2367331062854,0.9762250746750626,1-Highest Review (Top 5%)
Male,C,Small,Unemployed,0,23,0,26115,129.8552354,1,0.7988451639074028,726.9023583090935,580.6824335681055,0.9761847097763785,1-Highest Review (Top 5%)
Male,B,Small,Employed,1,20,2,29965,208.8164363,1,0.7929595820702945,731.819308755454,580.3031332216966,0.9761443448776943,1-Highest Review (Top 5%)
Male,C,Large,Self-employed,0,23,0,2125,284.1301175,1,0.781364693319111,742.6249899589845,580.2609475304098,0.9761039799790102,1-Highest Review (Top 5%)
Male,B,Medium,Unemployed,0,21,0,44290,62.72127383,1,0.7492262954477865,774.3835758591242,580.1885377965416,0.9760636150803261,1-Highest Review (Top 5%)
Male,B,Large,Self-employed,1,20,8,44040,290.1327193,1,0.7987074664760667,726.3859899114174,580.169913685858,0.976023250181642,1-Highest Review (Top 5%)
Male,B,Large,Unemployed,0,27,0,20400,260.3601885,1,0.7880507647801112,735.7073134736979,579.7747110372686,0.975982885282958,1-Highest Review (Top 5%)
Male,C,Medium,Housewife,1,19,3,1270,238.240414,1,0.8161000104042352,710.190191773004,579.5862228949344,0.9759425203842739,1-Highest Review (Top 5%)
Male,A,Medium,Self-employed,0,21,0,5200,216.4916013,1,0.7096681175269428,816.6182824503751,579.527959244643,0.9759021554855898,1-Highest Review (Top 5%)
Male,D,Small,Employed,0,20,3,24135,222.735365,1,0.8227906049219453,704.1164159771203,579.3403718372869,0.9758617905869056,1-Highest Review (Top 5%)
Male,C,Small,Employed,0,21,1,40700,174.6445246,1,0.8002030277527881,723.6080129431651,579.0333228632994,0.9758214256882215,1-Highest Review (Top 5%)
Male,D,Large,Unemployed,1,19,8,26800,222.2151274,1,0.830011764464026,697.5190788615264,578.9490413931776,0.9757810607895374,1-Highest Review (Top 5%)
Male,A,Medium,Employed,0,22,7,23865,276.3355652,1,0.791196324234561,731.6055766751995,578.8436430549241,0.9757406958908533,1-Highest Review (Top 5%)
Male,C,Small,Employed,0,21,7,27935,239.4551701,0,0.8147027385528002,710.4633046312678,578.8163999243661,0.9757003309921692,1-Highest Review (Top 5%)
Female,B,Large,Unemployed,0,18,0,28685,129.8552354,1,0.7954768840936149,727.592939094457,578.783364079374,0.9756599660934852,1-Highest Review (Top 5%)
Female,E,Small,Employed,0,18,0,35800,282.3344767,1,0.8730866541731223,662.3113536277314,578.2552037597076,0.975619601194801,1-Highest Review (Top 5%)
Male,E,Large,Employed,1,18,2,9520,253.6198858,1,0.8320039415815329,694.8956783374307,578.1559433647153,0.9755792362961169,1-Highest Review (Top 5%)
Female,D,Medium,Unemployed,0,21,0,10940,222.6929824,0,0.7957299685256842,726.571865253441,578.1550074697683,0.9755388713974328,1-Highest Review (Top 5%)
Male,E,Medium,Self-employed,0,21,2,19525,290.1327193,1,0.8293697394910017,696.9302598360332,578.012868043607,0.9754985064987487,1-Highest Review (Top 5%)
Male,D,Large,Employed,0,23,0,41310,296.4319078,0,0.852188957798056,678.087408535043,577.8586019754629,0.9754581416000646,1-Highest Review (Top 5%)
Female,B,Large,Unemployed,0,24,0,15220,270.874006,1,0.7977606180797441,724.3458010186556,577.8545539241101,0.9754177767013805,1-Highest Review (Top 5%)
Male,C,Medium,Employed,0,24,0,13870,284.9991194,1,0.7997587033165768,722.4544702027273,577.7892502945977,0.9753774118026963,1-Highest Review (Top 5%)
Male,B,Medium,Housewife,1,18,2,37070,208.6667182,0,0.8225996291037415,702.3637130974148,577.7641298898601,0.9753370469040122,1-Highest Review (Top 5%)
Male,B,Small,Unemployed,1,19,6,6870,113.2248348,1,0.7427863299087822,777.7507798969037,577.7026473833142,0.9752966820053282,1-Highest Review (Top 5%)
Male,A,Large,Unemployed,1,25,4,17240,237.4189585,0,0.7566804486326524,762.9219643250739,577.2881342372013,0.9752563171066441,1-Highest Review (Top 5%)
Male,A,Medium,Employed,0,22,1,15780,237.675525,1,0.7577341699814362,761.822800891473,577.2591677064332,0.97521595220796,1-Highest Review (Top 5%)
Female,B,Medium,Unemployed,0,25,5,25985,276.3355652,1,0.7920973151150288,728.0968383807551,576.7235508251372,0.9751755873092759,1-Highest Review (Top 5%)
Male,E,Medium,Unemployed,1,21,13,15415,276.9454965,0,0.8291945394780809,695.4085425574685,576.6289661950635,0.9751352224105917,1-Highest Review (Top 5%)
Male,D,Small,Unemployed,0,19,1,10845,118.8510133,1,0.7902666913743546,729.6034187073409,576.5812797172681,0.9750948575119076,1-Highest Review (Top 5%)
Female,B,Small,Unemployed,0,18,9,12690,234.675271,1,0.7756814362334639,743.2315361314182,576.5109054004221,0.9750544926132235,1-Highest Review (Top 5%)
Male,A,Small,Employed,1,22,0,17745,297.3851697,1,0.804099397248781,716.9272298730643,576.4807534121693,0.9750141277145394,1-Highest Review (Top 5%)
Male,E,Medium,Employed,0,18,4,18140,190.0515645,0,0.8126073082594065,709.2508261145416,576.342404689698,0.9749737628158553,1-Highest Review (Top 5%)
Male,D,Large,Self-employed,1,19,5,4105,282.3344767,1,0.7955142817217725,724.4815617745501,576.3354292357492,0.9749333979171713,1-Highest Review (Top 5%)
Male,E,Small,Unemployed,0,22,10,8305,284.1301175,1,0.83689832817792,688.3241466640309,576.0573275876209,0.9748930330184872,1-Highest Review (Top 5%)
Female,C,Small,Unemployed,0,18,9,29835,218.9832303,1,0.810873446758288,710.3034661616871,575.9662198508862,0.974852668119803,1-Highest Review (Top 5%)
Male,B,Small,Employed,0,19,10,24075,284.2162652,1,0.8190282992992484,703.0414095229714,575.8108099785456,0.9748123032211189,1-Highest Review (Top 5%)
Male,C,Medium,Self-employed,1,21,1,23210,249.8117276,0,0.783394552748776,735.0131504228109,575.8052982399468,0.9747719383224348,1-Highest Review (Top 5%)
Male,B,Small,Employed,0,25,2,37920,275.2822626,1,0.8017456385539566,718.1340741506027,575.7608618472294,0.9747315734237507,1-Highest Review (Top 5%)
Male,A,Medium,Employed,1,18,6,5295,212.4247054,1,0.7275259909853026,791.2911946479833,575.6849105442179,0.9746912085250666,1-Highest Review (Top 5%)
Male,D,Medium,Self-employed,0,19,4,15460,216.4916013,1,0.7662190586947029,751.0857310207294,575.4962018217261,0.9746508436263825,1-Highest Review (Top 5%)
Male,D,Small,Self-employed,0,18,0,6475,211.8309492,0,0.7708706001588191,746.5061617064845,575.4596528969341,0.9746104787276983,1-Highest Review (Top 5%)
Female,E,Small,Employed,0,20,0,49370,285.6217445,1,0.8694520839243001,661.7619044307462,575.3702668690258,0.9745701138290143,1-Highest Review (Top 5%)
Male,B,Large,Housewife,0,21,3,22950,253.6198858,1,0.84396340859496,681.6900267919019,575.3214386164832,0.9745297489303302,1-Highest Review (Top 5%)
Male,A,Medium,Unemployed,0,19,14,14980,153.4523215,1,0.7240271288488375,794.5067431443154,575.2444360898194,0.9744893840316461,1-Highest Review (Top 5%)
Male,D,Small,Unemployed,0,20,0,22715,113.2248348,1,0.8155300481714209,705.3429624821509,575.2283801704413,0.974449019132962,1-Highest Review (Top 5%)
Male,C,Small,Employed,0,19,8,23260,237.4189585,1,0.8113516755519949,708.9210290672412,575.1842647677506,0.9744086542342779,1-Highest Review (Top 5%)
Female,C,Large,Employed,0,18,0,28535,237.675525,1,0.824622361115608,697.1524891199977,574.8875316357557,0.9743682893355937,1-Highest Review (Top 5%)
Male,B,Medium,Housewife,0,21,3,18095,237.675525,0,0.8161536642027423,703.9822455706959,574.5576892561982,0.9743279244369096,1-Highest Review (Top 5%)
Female,A,Small,Employed,0,20,3,22715,270.7883545,0,0.8013389091456692,716.9629071499375,574.5302739134386,0.9742875595382255,1-Highest Review (Top 5%)
Male,B,Small,Employed,0,19,9,17865,295.7970919,1,0.8114688235553744,707.810151378825,574.3658708399266,0.9742471946395415,1-Highest Review (Top 5%)
Male,A,Medium,Unemployed,0,22,6,8220,138.5066713,1,0.7171277560660604,800.1340886172885,573.7983635220784,0.9742068297408574,1-Highest Review (Top 5%)
Female,B,Medium,Employed,1,19,5,28170,270.4632326,1,0.8054725310754323,712.3320993933838,573.7639390646652,0.9741664648421733,1-Highest Review (Top 5%)
Male,E,Small,Unemployed,0,21,0,9670,129.3156084,1,0.8104703520752292,707.6243408269777,573.5085486470426,0.9741260999434891,1-Highest Review (Top 5%)
Female,A,Medium,Employed,0,20,0,14370,270.4632326,0,0.7810017067290043,734.3095590672805,573.4970188989686,0.974085735044805,1-Highest Review (Top 5%)
Male,D,Small,Employed,0,20,3,19585,223.3475567,1,0.8138835875432152,704.5218181878419,573.3987448891895,0.9740453701461209,1-Highest Review (Top 5%)
Female,C,Large,Unemployed,0,18,0,13295,148.4945135,1,0.7853229319357101,730.0271067974828,573.307027902743,0.9740050052474368,1-Highest Review (Top 5%)
Female,D,Small,Unemployed,0,18,3,19155,185.1345389,1,0.8081964292997907,709.352882658915,573.2964668784485,0.9739646403487527,1-Highest Review (Top 5%)
Male,B,Small,Employed,0,23,6,19440,272.9669948,0,0.7975288724435976,718.7497931165174,573.2237120732851,0.9739242754500687,1-Highest Review (Top 5%)
Female,A,Small,Unemployed,0,20,9,6305,256.6405915,0,0.7656565481520107,748.5076077808178,573.09975123898,0.9738839105513846,1-Highest Review (Top 5%)
Male,C,Small,Employed,0,19,0,28055,148.4945135,1,0.8064636988006165,710.4178559120104,572.9262117728033,0.9738435456527004,1-Highest Review (Top 5%)
Male,C,Small,Unemployed,1,23,3,9355,169.7885554,1,0.7583023789658657,755.2096073474345,572.6772418694369,0.9738031807540163,1-Highest Review (Top 5%)
Female,A,Small,Employed,0,20,4,18460,291.3194903,0,0.7989241534902933,716.6826592140908,572.5750868337899,0.9737628158553322,1-Highest Review (Top 5%)
Male,A,Small,Unemployed,0,22,14,10925,210.189841,1,0.7274676324843558,787.0514521915957,572.5544565691943,0.9737224509566481,1-Highest Review (Top 5%)
Male,E,Small,Employed,0,19,5,21305,212.4247054,1,0.8321861041841325,687.9633466425324,572.513537263927,0.973682086057964,1-Highest Review (Top 5%)
Male,C,Small,Unemployed,1,24,15,6230,285.6217445,0,0.7779850521404286,735.7552649053283,572.4065981299667,0.9736417211592799,1-Highest Review (Top 5%)
Male,C,Large,Unemployed,0,22,6,24865,139.637282,1,0.7924923915936796,722.1257930758379,572.2791967861534,0.9736013562605957,1-Highest Review (Top 5%)
Male,E,Medium,Unemployed,0,25,3,12355,225.0430894,1,0.7929687302084318,721.4498820928234,572.087196912169,0.9735609913619117,1-Highest Review (Top 5%)
Male,A,Medium,Employed,0,22,0,19590,216.4916013,1,0.759875450629736,752.7375485395498,571.9867839024132,0.9735206264632276,1-Highest Review (Top 5%)
Male,E,Small,Unemployed,0,20,3,23230,106.5583041,1,0.8244495418310858,693.609643924001,571.8461531427652,0.9734802615645435,1-Highest Review (Top 5%)
Female,C,Medium,Unemployed,1,20,3,1620,184.4785165,1,0.7546350921903449,757.7165531192227,571.7995009172749,0.9734398966658594,1-Highest Review (Top 5%)
Female,B,Large,Unemployed,0,24,7,41110,290.1327193,0,0.8116630292708643,704.1416842943688,571.5257725102559,0.9733995317671753,1-Highest Review (Top 5%)
Male,D,Small,Employed,0,18,0,29400,184.4785165,1,0.8252602745564953,692.3349006817394,571.3564902216563,0.9733591668684911,1-Highest Review (Top 5%)
Male,B,Large,Unemployed,0,25,0,47040,139.637282,1,0.7698109197143663,742.0072811364018,571.2053075263699,0.973318801969807,1-Highest Review (Top 5%)
Male,B,Medium,Employed,0,21,7,10380,237.675525,1,0.7535373920476258,758.0163974810235,571.193699287187,0.9732784370711229,1-Highest Review (Top 5%)
Male,C,Medium,Self-employed,1,18,4,7585,189.9730181,0,0.7227402183290178,790.2999534535612,571.1815609044395,0.9732380721724389,1-Highest Review (Top 5%)
Male,E,Small,Self-employed,0,19,3,2750,212.4247054,0,0.7823038235841544,729.885135160437,570.9919320132473,0.9731977072737548,1-Highest Review (Top 5%)
Male,A,Medium,Unemployed,1,26,0,16360,249.7835716,0,0.750670818641315,759.9910311095441,570.5030894830586,0.9731573423750707,1-Highest Review (Top 5%)
Male,A,Medium,Self-employed,0,21,1,3520,225.1417422,1,0.7060090021140698,808.0610820239251,570.4983981669269,0.9731169774763865,1-Highest Review (Top 5%)
Male,D,Small,Unemployed,0,20,9,5210,208.8164363,0,0.787604262478472,724.2294351470997,570.4061901342319,0.9730766125777024,1-Highest Review (Top 5%)
Male,B,Medium,Unemployed,0,27,1,8915,251.432848,1,0.7371972415740691,773.4276333373306,570.1687178534406,0.9730362476790183,1-Highest Review (Top 5%)
Female,C,Small,Employed,0,20,0,18870,285.6217445,1,0.8310275054805641,685.8412521884411,569.9529449618267,0.9729958827803342,1-Highest Review (Top 5%)
Female,A,Small,Unemployed,0,18,4,9725,129.8552354,1,0.7349186032061998,775.52914849432,569.9507985571391,0.9729555178816501,1-Highest Review (Top 5%)
Male,B,Small,Unemployed,0,28,5,28205,297.3851697,1,0.791595949044666,719.6990863689513,569.710881300809,0.972915152982966,1-Highest Review (Top 5%)
Male,C,Small,Housewife,0,21,2,19265,291.3194903,0,0.8627723049447013,659.6906097576237,569.1627879309605,0.972874788084282,1-Highest Review (Top 5%)
Male,E,Medium,Unemployed,0,26,1,6065,293.5560359,1,0.8140209132326408,699.1034886645091,569.0848602868089,0.9728344231855978,1-Highest Review (Top 5%)
Male,D,Small,Unemployed,0,22,0,2820,148.4018477,1,0.7848870683369399,724.9298941716685,568.988099386209,0.9727940582869137,1-Highest Review (Top 5%)
Male,D,Large,Housewife,0,19,0,44350,223.3475567,1,0.8664895643536297,656.6093548994518,568.9451538773437,0.9727536933882296,1-Highest Review (Top 5%)
Male,E,Small,Self-employed,0,19,9,44695,290.1327193,1,0.843694221210674,674.1528297839607,568.7788467015507,0.9727133284895455,1-Highest Review (Top 5%)
Male,C,Large,Employed,0,21,2,21430,213.2556548,1,0.7973722450218017,713.2384522023883,568.7165458684934,0.9726729635908614,1-Highest Review (Top 5%)
Male,D,Small,Housewife,0,20,3,29190,276.9950185,0,0.8814675406505652,645.1384610241117,568.6686126180143,0.9726325986921773,1-Highest Review (Top 5%)
Male,B,Small,Unemployed,0,18,2,24540,68.39045202,1,0.7583216979014769,749.8569186585238,568.6327717403013,0.9725922337934931,1-Highest Review (Top 5%)
Male,C,Large,Unemployed,0,22,3,20710,112.4047945,1,0.7801270473292086,728.8499370705364,568.595549352917,0.972551868894809,1-Highest Review (Top 5%)
Female,B,Small,Unemployed,0,22,6,49995,169.7885554,1,0.7731780114388309,735.2048279933625,568.4442069081358,0.972511503996125,1-Highest Review (Top 5%)
Male,B,Small,Unemployed,0,26,5,24615,212.4247054,1,0.762777793341039,745.1114624910708,568.3544771520534,0.9724711390974409,1-Highest Review (Top 5%)
Male,E,Medium,Unemployed,1,24,0,6680,222.6929824,1,0.796321432639364,713.4686579440222,568.1503838372681,0.9724307741987568,1-Highest Review (Top 5%)
Male,A,Large,Employed,0,22,2,16695,240.0004036,1,0.768784150249745,738.7890873773773,567.9693407532017,0.9723904093000727,1-Highest Review (Top 5%)
Male,D,Small,Self-employed,0,20,2,5685,237.675525,1,0.7711511303276217,736.5013912197173,567.953880326951,0.9723500444013885,1-Highest Review (Top 5%)
Female,D,Small,Unemployed,0,19,1,42660,156.6298557,0,0.8177620670139245,694.3726975616541,567.831652436053,0.9723096795027044,1-Highest Review (Top 5%)
Male,C,Large,Employed,0,19,1,5065,182.367931,1,0.7684203054478564,738.5182044784025,567.4923842640966,0.9722693146040203,1-Highest Review (Top 5%)
Female,D,Small,Unemployed,0,18,7,26280,222.711392,1,0.8250858885781508,687.7621503112756,567.4628449199986,0.9722289497053362,1-Highest Review (Top 5%)
Male,C,Medium,Self-employed,0,18,5,5495,162.666477,1,0.7177178313039102,790.5810130072255,567.4140901255943,0.9721885848066522,1-Highest Review (Top 5%)
Male,A,Small,Unemployed,0,19,0,41915,25.91743539,1,0.7315527256037578,775.383621851639,567.23400195408,0.9721482199079681,1-Highest Review (Top 5%)
Male,E,Medium,Employed,0,19,0,28370,184.4785165,1,0.8326399756228077,681.0995641854081,567.1107245200432,0.9721078550092839,1-Highest Review (Top 5%)
Male,A,Large,Employed,0,20,7,9260,237.675525,0,0.754517337664765,751.1164152920422,566.7303579424537,0.9720674901105998,1-Highest Review (Top 5%)
Male,C,Medium,Unemployed,1,27,3,23710,296.4319078,1,0.7966793359634701,711.0449815219407,566.4748437190576,0.9720271252119157,1-Highest Review (Top 5%)
Male,C,Large,Employed,0,20,3,16805,185.8513852,1,0.7816879110789634,724.6617890985655,566.459360159202,0.9719867603132316,1-Highest Review (Top 5%)
Male,B,Small,Unemployed,0,27,0,18615,239.4551701,1,0.7666878432453716,738.6866214331236,566.3420526207718,0.9719463954145475,1-Highest Review (Top 5%)
Male,A,Medium,Employed,1,19,7,6325,237.4189585,1,0.7373065840190663,768.0277194148226,566.2718942336968,0.9719060305158634,1-Highest Review (Top 5%)
Male,E,Medium,Self-employed,0,20,0,19885,222.6929824,1,0.8055778709244492,702.4267922934429,565.859479816042,0.9718656656171794,1-Highest Review (Top 5%)
Male,A,Small,Employed,1,18,0,21545,185.1345389,0,0.7729169886257848,731.8348046231454,565.6475533608611,0.9718253007184952,1-Highest Review (Top 5%)
Male,E,Small,Unemployed,0,19,12,14175,208.6667182,1,0.8118384876794085,696.58946874265,565.5181408374356,0.9717849358198111,1-Highest Review (Top 5%)
Male,D,Small,Unemployed,1,19,3,20535,124.2334338,1,0.8031131377129228,704.0463966222721,565.4289106867899,0.971744570921127,1-Highest Review (Top 5%)
Male,C,Large,Employed,0,18,1,9795,174.6445246,1,0.771238062048055,733.0193385251556,565.3324140878882,0.9717042060224429,1-Highest Review (Top 5%)
Female,B,Small,Employed,0,20,0,15345,297.3851697,1,0.8111902768850685,696.844232662241,565.2732660390463,0.9716638411237588,1-Highest Review (Top 5%)
Male,B,Medium,Unemployed,0,18,1,22135,68.95196256,1,0.7445645140831851,758.879724458398,565.0349132889485,0.9716234762250747,1-Highest Review (Top 5%)
Male,B,Small,Employed,0,20,4,27370,148.4945135,1,0.7781402934494629,725.9865769773141,564.9194080494983,0.9715831113263905,1-Highest Review (Top 5%)
Male,E,Large,Unemployed,0,18,8,5540,168.6499611,1,0.8036110963924054,702.884726968379,564.8459660765355,0.9715427464277064,1-Highest Review (Top 5%)
Female,B,Medium,Employed,0,20,2,16630,293.5560359,1,0.7957569550159671,709.7412412391599,564.7815289777268,0.9715023815290224,1-Highest Review (Top 5%)
Male,E,Medium,Unemployed,0,24,1,8650,207.1446249,1,0.7892296166889399,715.345187126573,564.5716078361831,0.9714620166303383,1-Highest Review (Top 5%)
Female,C,Small,Unemployed,0,18,0,18325,126.1401885,1,0.7895678585289038,714.6059798861902,564.2299132306881,0.9714216517316542,1-Highest Review (Top 5%)
Male,A,Medium,Employed,0,21,3,4885,186.6850127,0,0.7163294751402404,786.6829934411402,563.5242157934451,0.9713812868329701,1-Highest Review (Top 5%)
Male,C,Medium,Self-employed,0,23,6,9375,284.9991194,1,0.7556403021410463,745.3766794235443,563.2366592484967,0.9713409219342859,1-Highest Review (Top 5%)
Male,D,Medium,Unemployed,0,22,8,12360,222.6929824,1,0.7827933137045779,719.3231383272521,563.0813430755661,0.9713005570356018,1-Highest Review (Top 5%)
Male,E,Small,Self-employed,0,22,5,4125,291.3194903,1,0.8075885041661003,697.0546352108931,562.9333101720119,0.9712601921369177,1-Highest Review (Top 5%)
Male,E,Large,Unemployed,1,23,7,34805,239.4551701,1,0.8419098868037688,668.5103535351867,562.8254760719565,0.9712198272382336,1-Highest Review (Top 5%)
Male,C,Large,Housewife,0,21,1,9030,270.874006,1,0.8419375391797023,668.4191706629622,562.7671916885118,0.9711794623395495,1-Highest Review (Top 5%)
Male,C,Large,Unemployed,1,19,9,8425,189.9730181,0,0.7679315815189908,732.7277823496695,562.6848047226846,0.9711390974408655,1-Highest Review (Top 5%)
Male,B,Small,Unemployed,0,23,1,22090,137.8151761,1,0.770032669032582,730.4715965444584,562.4869931396207,0.9710987325421813,1-Highest Review (Top 5%)
Male,D,Medium,Employed,0,18,0,10665,184.4785165,1,0.7819689845197042,719.1080226816488,562.3201702563413,0.9710583676434972,1-Highest Review (Top 5%)
Male,D,Small,Self-employed,0,19,6,24620,232.9029787,1,0.799352539955058,703.408444355283,562.2713266212315,0.9710180027448131,1-Highest Review (Top 5%)
Male,D,Medium,Housewife,0,20,0,8960,259.0040603,1,0.8457101922496475,664.790568634249,562.2201596054232,0.970977637846129,1-Highest Review (Top 5%)
Female,E,Small,Unemployed,0,22,1,11140,251.432848,1,0.8285878486974508,678.0454379672253,561.8202107643841,0.9709372729474449,1-Highest Review (Top 5%)
Male,C,Small,Unemployed,0,28,5,22225,284.9991194,1,0.7950111114256617,706.6730460207543,561.8129237315177,0.9708969080487608,1-Highest Review (Top 5%)
Male,B,Large,Unemployed,0,23,9,27770,218.9832303,0,0.7841422029397975,715.9422307015287,561.4005179599295,0.9708565431500767,1-Highest Review (Top 5%)
Male,A,Small,Employed,0,19,3,12655,161.4389472,1,0.739936800404049,758.076189556496,560.928470162927,0.9708161782513925,1-Highest Review (Top 5%)
Male,D,Medium,Unemployed,1,20,7,20430,190.0515645,1,0.7963783818910292,703.9222879569503,560.5884926601872,0.9707758133527085,1-Highest Review (Top 5%)
Male,B,Small,Unemployed,0,18,0,4935,61.11231366,1,0.7216967730193212,776.7027809758467,560.5438906254012,0.9707354484540244,1-Highest Review (Top 5%)
Male,A,Large,Unemployed,1,20,1,1710,120.7793723,1,0.7351244022981214,762.3766915516633,560.4417097029357,0.9706950835553403,1-Highest Review (Top 5%)
Female,A,Small,Unemployed,0,23,0,17585,221.7063984,1,0.7644303879181046,732.8687520804784,560.2271444459374,0.9706547186566562,1-Highest Review (Top 5%)
Male,D,Medium,Self-employed,1,21,0,7900,284.1301175,1,0.7876489000247389,711.1944663311864,560.1715391094401,0.9706143537579721,1-Highest Review (Top 5%)
Male,A,Small,Unemployed,0,19,2,45545,45.411434,1,0.7282444270853421,769.1870112859237,560.156154355404,0.9705739888592879,1-Highest Review (Top 5%)
Male,C,Small,Employed,0,25,4,26490,272.9669948,1,0.8090877136086622,692.2174404276026,560.0646261956093,0.9705336239606038,1-Highest Review (Top 5%)
Male,D,Small,Employed,0,20,7,21365,276.3355652,1,0.8380457883373973,668.2582494368568,560.0310114622797,0.9704932590619197,1-Highest Review (Top 5%)
Male,D,Small,Unemployed,0,20,9,16525,208.6667182,1,0.8023853190249246,697.6187875998559,559.7590734460915,0.9704528941632357,1-Highest Review (Top 5%)
Female,D,Medium,Unemployed,0,18,1,8455,180.0831298,1,0.7762506928669446,720.7763184580157,559.5031166051202,0.9704125292645516,1-Highest Review (Top 5%)
Male,D,Medium,Unemployed,0,22,0,24445,129.4194752,1,0.801261402118663,698.2680708524242,559.4952535059074,0.9703721643658675,1-Highest Review (Top 5%)
Male,B,Medium,Employed,0,19,4,14870,138.5066713,0,0.7408092010800172,754.9786917286468,559.2951614519354,0.9703317994671833,1-Highest Review (Top 5%)
Female,B,Small,Unemployed,0,20,3,34450,110.9836779,0,0.7737905995956541,722.6757532131563,559.1997043920492,0.9702914345684992,1-Highest Review (Top 5%)
Male,B,Medium,Employed,0,22,7,18085,249.7835716,0,0.7710019038398078,725.2558412823718,559.1736343996502,0.9702510696698151,1-Highest Review (Top 5%)
Male,D,Small,Unemployed,0,22,6,7380,171.3729361,0,0.7745999170220766,721.7031227690138,559.0311790114517,0.970210704771131,1-Highest Review (Top 5%)
Male,B,Medium,Employed,0,19,0,23900,132.7922667,1,0.770497258191307,725.4533603486551,558.9598250943089,0.9701703398724469,1-Highest Review (Top 5%)
Female,D,Small,Unemployed,0,20,3,27490,183.8950396,1,0.8152646487796137,685.488781310186,558.8547705372142,0.9701299749737629,1-Highest Review (Top 5%)
Male,A,Medium,Self-employed,0,24,0,7055,282.3344767,1,0.7271656109128137,768.4930730829064,558.8217349705973,0.9700896100750787,1-Highest Review (Top 5%)
Male,C,Medium,Housewife,0,20,6,17555,237.675525,1,0.8259695299899175,676.557857806216,558.8161758231856,0.9700492451763946,1-Highest Review (Top 5%)
Female,B,Large,Employed,0,20,1,26995,275.0923407,1,0.8201678036524416,680.8852623625412,558.4401701712019,0.9700088802777105,1-Highest Review (Top 5%)
Male,A,Small,Employed,0,18,1,15775,167.9366556,1,0.7522324561684158,742.2368254384767,558.334630258233,0.9699685153790264,1-Highest Review (Top 5%)
Male,A,Medium,Self-employed,0,24,2,27335,285.6217445,1,0.7592883430112102,735.3271362931531,558.3253228872065,0.9699281504803423,1-Highest Review (Top 5%)
Male,A,Small,Employed,0,21,3,8895,190.0515645,1,0.7312573825562365,763.3085811640435,558.1750351447331,0.9698877855816582,1-Highest Review (Top 5%)
Male,A,Medium,Self-employed,0,22,1,15485,240.0004036,1,0.7242694444293618,770.6252340980319,558.1403101634285,0.9698474206829741,1-Highest Review (Top 5%)
Male,B,Small,Employed,1,22,0,14805,236.3993842,0,0.775872408844898,719.2074705279994,558.0132326178049,0.9698070557842899,1-Highest Review (Top 5%)
Male,E,Medium,Unemployed,0,18,6,43345,67.42478707,1,0.7940577228710614,702.7253191076603,558.0044666944686,0.9697666908856059,1-Highest Review (Top 5%)
Male,D,Large,Housewife,0,18,2,8735,293.5560359,1,0.8610059025425243,648.074532849685,557.9959980710679,0.9697263259869218,1-Highest Review (Top 5%)
Male,C,Medium,Employed,0,19,9,19770,238.240414,1,0.7891420549945461,706.8245052201737,557.7849425699512,0.9696859610882377,1-Highest Review (Top 5%)
Female,B,Medium,Unemployed,0,25,0,23145,249.7835716,0,0.7789958645130031,715.7090500594708,557.5343901908576,0.9696455961895536,1-Highest Review (Top 5%)
Male,C,Small,Unemployed,1,20,7,15165,148.5612071,1,0.7734416613500742,720.579642610689,557.326315915854,0.9696052312908695,1-Highest Review (Top 5%)
Male,B,Small,Unemployed,1,25,3,4015,206.2302755,1,0.7272641835762818,765.8119061394168,556.9475706914791,0.9695648663921853,1-Highest Review (Top 5%)
Male,E,Small,Unemployed,0,24,15,27930,297.3851697,1,0.846216810488165,658.1193548971617,556.9116614216049,0.9695245014935012,1-Highest Review (Top 5%)
Male,B,Small,Employed,0,22,4,27235,185.1345389,1,0.7734352872699666,719.925499297154,556.8157853618685,0.9694841365948171,1-Highest Review (Top 5%)
Male,A,Small,Unemployed,0,24,0,9935,157.245582,1,0.7302084142557876,762.2658942334384,556.612969869469,0.969443771696133,1-Highest Review (Top 5%)
Male,A,Large,Employed,0,18,9,12265,249.8117276,1,0.7644217886581186,728.0554839572158,556.541475288927,0.969403406797449,1-Highest Review (Top 5%)
Male,E,Small,Employed,0,18,4,14575,180.0831298,1,0.809183181134392,687.4509809853114,556.2737716676527,0.9693630418987649,1-Highest Review (Top 5%)
Female,A,Medium,Unemployed,0,25,0,1740,259.0040603,1,0.7406342318952824,751.0180545303446,556.2296799565711,0.9693226770000807,1-Highest Review (Top 5%)
Male,A,Small,Self-employed,0,20,7,16855,239.4551701,0,0.7394785729164425,752.0998768662629,556.1617436356962,0.9692823121013966,1-Highest Review (Top 5%)
Female,B,Small,Employed,0,21,3,4900,258.9237292,1,0.7672493243439924,724.8297892196238,556.1251660431548,0.9692419472027125,1-Highest Review (Top 5%)
Male,E,Large,Employed,1,20,0,10675,248.5121203,1,0.8311366745974444,668.7698626724377,555.8391597325596,0.9692015823040284,1-Highest Review (Top 5%)
Male,D,Small,Employed,0,23,0,3195,270.7883545,0,0.8091571064742641,686.8829240322325,555.796199296503,0.9691612174053443,1-Highest Review (Top 5%)
Male,B,Medium,Employed,1,21,3,7805,205.4307964,1,0.7309453936878376,760.3331609936632,555.7620216964311,0.9691208525066602,1-Highest Review (Top 5%)
Male,D,Medium,Employed,1,19,1,28365,222.735365,1,0.8145285378469576,682.3052718735469,555.757115464431,0.969080487607976,1-Highest Review (Top 5%)
Female,B,Medium,Housewife,0,18,5,5025,290.1327193,1,0.8153246870678716,680.7330267273837,555.0184419932692,0.969040122709292,1-Highest Review (Top 5%)
Male,A,Small,Employed,0,19,3,25755,139.2056697,1,0.7634392609082229,726.993746002104,555.0155681327466,0.9689997578106079,1-Highest Review (Top 5%)
Male,B,Medium,Unemployed,0,22,11,31595,182.367931,1,0.7616103364925128,728.6503501873924,554.9476383916071,0.9689593929119238,1-Highest Review (Top 5%)
Male,A,Medium,Unemployed,0,19,1,12130,77.68823268,0,0.7106836770187163,780.7620812074266,554.8748667492795,0.9689190280132397,1-Highest Review (Top 5%)
Male,C,Small,Housewife,0,22,4,16120,248.5121203,1,0.8323536436510061,666.5981560228589,554.8454040166685,0.9688786631145556,1-Highest Review (Top 5%)
Female,C,Medium,Unemployed,0,18,0,19725,109.6318854,1,0.7745716598482394,715.8873402697877,554.5060454171108,0.9688382982158715,1-Highest Review (Top 5%)
Male,C,Small,Employed,0,23,0,22505,222.2151274,1,0.7966476428958866,696.0405947627639,554.4990991776069,0.9687979333171873,1-Highest Review (Top 5%)
Female,A,Medium,Unemployed,0,19,7,8495,186.6850127,0,0.7230068027286397,766.8784651519953,554.4583471709907,0.9687575684185032,1-Highest Review (Top 5%)
Female,C,Small,Unemployed,0,25,2,4550,275.2822626,1,0.7791423117770097,711.6034490919867,554.4403563940241,0.9687172035198192,1-Highest Review (Top 5%)
Male,E,Medium,Self-employed,1,20,3,21890,239.4551701,1,0.8044751514157742,689.1897430153354,554.4360228664605,0.9686768386211351,1-Highest Review (Top 5%)
Male,A,Large,Housewife,0,21,0,7010,237.675525,1,0.8013514916266457,691.8244751702819,554.3945751215266,0.968636473722451,1-Highest Review (Top 5%)
Male,E,Large,Unemployed,0,21,1,12280,145.223003,1,0.8092456603728094,684.715790523728,554.1032820700644,0.9685961088237669,1-Highest Review (Top 5%)
Male,B,Medium,Employed,0,20,1,4425,168.6499611,1,0.7317981517441905,757.0745057708808,554.0257240557771,0.9685557439250827,1-Highest Review (Top 5%)
Female,B,Large,Unemployed,0,18,2,16130,140.4108252,0,0.762319985480394,726.3209359773508,553.6889653683603,0.9685153790263986,1-Highest Review (Top 5%)
Male,A,Medium,Employed,0,19,2,15465,162.9324677,1,0.7341737915283761,753.8279625850124,553.4407334511494,0.9684750141277145,1-Highest Review (Top 5%)
Male,A,Small,Unemployed,0,22,0,8970,100.3048589,0,0.7257140703712056,762.6039557031072,553.4324207744845,0.9684346492290304,1-Highest Review (Top 5%)
Male,B,Large,Employed,1,18,8,42635,206.2302755,1,0.780303034229024,708.7372564847974,553.0298317062415,0.9683942843303464,1-Highest Review (Top 5%)
Male,A,Medium,Unemployed,0,27,3,16965,232.9029787,1,0.7204840839987012,767.4890326897231,552.9636326965044,0.9683539194316623,1-Highest Review (Top 5%)
Male,E,Small,Employed,0,19,6,27700,206.2302755,1,0.8332952328312796,663.3863769967237,552.796705476584,0.9683135545329781,1-Highest Review (Top 5%)
Male,A,Small,Employed,0,24,1,22470,276.9454965,1,0.7895019537869108,700.1167852710813,552.7435698505298,0.968273189634294,1-Highest Review (Top 5%)
Male,D,Medium,Unemployed,0,24,15,17225,293.5560359,1,0.8005378966483492,690.2667560617977,552.5846970239907,0.9682328247356099,1-Highest Review (Top 5%)
Female,C,Small,Employed,0,21,5,2475,291.3194903,0,0.7954365927597058,694.4819259625245,552.4163369208288,0.9681924598369258,1-Highest Review (Top 5%)
Female,E,Medium,Unemployed,0,24,0,24700,275.2822626,1,0.8467487060468701,652.367244156304,552.391119856713,0.9681520949382417,1-Highest Review (Top 5%)
Male,E,Small,Self-employed,0,18,5,15980,201.6569069,1,0.7891702654565759,699.9254731734096,552.3603714640791,0.9681117300395576,1-Highest Review (Top 5%)
Male,A,Medium,Employed,0,20,0,19055,161.4389472,1,0.7492489187852085,737.10635737708,552.2761412944807,0.9680713651408734,1-Highest Review (Top 5%)
Male,E,Medium,Employed,1,22,4,15705,270.4632326,0,0.8252492815481492,669.1935124025931,552.2514653269225,0.9680310002421894,1-Highest Review (Top 5%)
Male,B,Medium,Unemployed,0,19,0,19060,61.94412023,1,0.7339969380418218,752.3338728419175,552.2107590511127,0.9679906353435053,1-Highest Review (Top 5%)
Male,D,Medium,Employed,0,23,0,22795,258.9237292,1,0.8204365540869256,673.0025793206805,552.1559170694719,0.9679502704448212,1-Highest Review (Top 5%)
Female,C,Large,Employed,0,20,3,9085,251.432848,1,0.7842804795136277,703.9773731683538,552.1157117952205,0.9679099055461371,1-Highest Review (Top 5%)
Male,A,Medium,Employed,0,21,15,8495,251.432848,1,0.7252107742566084,760.784089680107,551.7288187190194,0.967869540647453,1-Highest Review (Top 5%)
Male,A,Medium,Employed,0,19,4,25010,125.1320458,1,0.7459813248042201,739.3518324495633,551.5426594671529,0.9678291757487689,1-Highest Review (Top 5%)
Male,A,Medium,Employed,0,18,0,17585,132.7922667,1,0.742849991127677,742.4163903679806,551.5040089978964,0.9677888108500847,1-Highest Review (Top 5%)
Male,A,Small,Unemployed,1,22,4,9490,124.2334338,1,0.7209115067308334,764.7954839103377,551.3498646467384,0.9677484459514006,1-Highest Review (Top 5%)
Male,B,Medium,Unemployed,0,20,0,21925,66.94554904,1,0.7422007594513524,742.664284280912,551.205995810688,0.9677080810527166,1-Highest Review (Top 5%)
Male,D,Medium,Housewife,1,18,0,14840,270.874006,1,0.8571850355820563,642.8266170134648,551.0213565777797,0.9676677161540325,1-Highest Review (Top 5%)
Female,B,Large,Unemployed,1,18,0,47500,100.3048589,1,0.7739226190749164,711.8607718505682,550.9251529672833,0.9676273512553484,1-Highest Review (Top 5%)
Male,E,Medium,Self-employed,0,22,2,24665,251.432848,1,0.811446734950081,678.7319574660758,550.7548307921244,0.9675869863566643,1-Highest Review (Top 5%)
Female,A,Medium,Employed,0,22,4,49000,223.3475567,1,0.7508635566850731,733.4700352042017,550.7359193553527,0.9675466214579801,1-Highest Review (Top 5%)
Male,D,Medium,Unemployed,0,19,6,7270,99.28308074,1,0.754110071691557,730.1576421493514,550.6192318673856,0.967506256559296,1-Highest Review (Top 5%)
Female,E,Medium,Employed,0,18,1,28405,285.6217445,1,0.8573751159357581,642.1870620548085,550.5952067816853,0.9674658916606119,1-Highest Review (Top 5%)
Male,B,Medium,Self-employed,0,18,4,8925,137.8151761,1,0.6956097874447081,791.4809920017481,550.5619246128628,0.9674255267619278,1-Highest Review (Top 5%)
Male,A,Small,Employed,0,19,12,3280,250.8413259,1,0.7440871594799349,739.7888893743954,550.4674133094096,0.9673851618632437,1-Highest Review (Top 5%)
Male,B,Small,Employed,0,21,14,19225,295.7970919,0,0.7905243534750602,696.2335059551057,550.3895421628345,0.9673447969645597,1-Highest Review (Top 5%)
Male,B,Small,Self-employed,0,24,0,38310,222.2151274,1,0.7525399437615509,731.2654266989589,550.306443082801,0.9673044320658755,1-Highest Review (Top 5%)
Male,E,Large,Unemployed,1,23,1,19630,222.6929824,1,0.8268881445998995,665.2530287087175,550.089842598415,0.9672640671671914,1-Highest Review (Top 5%)
Male,E,Large,Unemployed,0,20,14,24480,190.0515645,1,0.8182184726498123,672.2520556736043,550.0490502289531,0.9672237022685073,1-Highest Review (Top 5%)
Male,C,Small,Self-employed,1,24,2,38490,270.4632326,1,0.7861919738617604,699.5625071578951,549.9904283421474,0.9671833373698232,1-Highest Review (Top 5%)
Male,C,Medium,Self-employed,0,19,13,19705,249.7835716,1,0.7539724399015882,729.3913977159264,549.9410117791067,0.9671429724711391,1-Highest Review (Top 5%)
Female,B,Small,Unemployed,0,21,10,10030,291.3194903,1,0.7863432918398087,699.2985727982116,549.8887417130258,0.967102607572455,1-Highest Review (Top 5%)
Female,B,Small,Unemployed,0,21,0,5440,153.4523215,1,0.7470627819959488,735.8533152869468,549.7286248592085,0.9670622426737709,1-Highest Review (Top 5%)
Female,B,Medium,Housewife,0,18,5,3190,258.9237292,1,0.8013477207455383,685.8113174643498,549.5733361115515,0.9670218777750867,1-Highest Review (Top 5%)
Male,C,Small,Employed,0,19,6,8680,169.7885554,1,0.75710664441748,725.854894706606,549.5495636653218,0.9669815128764027,1-Highest Review (Top 5%)
Male,A,Medium,Employed,0,20,7,23980,205.4307964,1,0.7541072212975867,728.4955394598448,549.36374698975,0.9669411479777186,1-Highest Review (Top 5%)
Male,D,Medium,Employed,0,23,0,14810,293.5560359,1,0.8172639638131137,672.1788347654127,549.3475388916612,0.9669007830790345,1-Highest Review (Top 5%)
Male,C,Small,Unemployed,0,23,9,27725,201.6569069,1,0.7894195348214604,695.3610733795855,548.9316150802638,0.9668604181803504,1-Highest Review (Top 5%)
Male,E,Large,Unemployed,1,24,0,7000,223.3085718,0,0.8037844548810309,682.9304392151286,548.9288708061952,0.9668200532816663,1-Highest Review (Top 5%)
Male,B,Small,Unemployed,0,18,0,11260,58.60474559,1,0.7240208401670812,758.0572079588164,548.8492166010541,0.9667796883829821,1-Highest Review (Top 5%)
Female,C,Medium,Employed,1,19,2,21290,270.7883545,0,0.8080597101138769,679.0623811065583,548.7229508262045,0.966739323484298,1-Highest Review (Top 5%)
Male,C,Medium,Unemployed,1,19,11,30870,156.6298557,1,0.7791004974409542,704.2753637501227,548.7012862331295,0.9666989585856139,1-Highest Review (Top 5%)
Male,A,Medium,Self-employed,0,22,2,25590,216.4916013,0,0.7277840656861976,753.751482832703,548.5683186929848,0.9666585936869299,1-Highest Review (Top 5%)
Male,B,Small,Employed,0,18,14,7220,216.4916013,1,0.7306977144938147,750.6094415089352,548.4686033880577,0.9666182287882458,1-Highest Review (Top 5%)
Male,A,Medium,Employed,0,21,8,17135,251.432848,1,0.7583390135994337,723.1792346916399,548.4150274916515,0.9665778638895617,1-Highest Review (Top 5%)
Male,A,Medium,Self-employed,0,24,3,18205,295.7970919,0,0.7407921302418361,740.1817874744008,548.3208431093714,0.9665374989908775,1-Highest Review (Top 5%)
Male,B,Large,Self-employed,1,21,0,30690,211.8309492,1,0.7647926269785212,716.9054011838467,548.2839650664848,0.9664971340921934,1-Highest Review (Top 5%)
Male,A,Small,Housewife,0,21,4,5165,216.4916013,1,0.7780765961755128,704.5143130098115,548.166098623604,0.9664567691935093,1-Highest Review (Top 5%)
Male,B,Medium,Unemployed,1,18,0,6645,70.87357842,0,0.7111329520626894,770.6756239522701,548.052831543933,0.9664164042948252,1-Highest Review (Top 5%)
Male,D,Medium,Self-employed,0,21,7,27850,276.3355652,1,0.8069095601243317,679.0699564073169,547.9480398182772,0.9663760393961411,1-Highest Review (Top 5%)
Female,A,Small,Unemployed,0,23,2,27225,208.6667182,0,0.7655430859825763,715.4064108306159,547.6744314789885,0.966335674497457,1-Highest Review (Top 5%)
Male,C,Small,Employed,0,19,12,13940,249.7835716,1,0.7825598436250797,699.5138751740038,547.411468769742,0.9662953095987729,1-Highest Review (Top 5%)
Male,D,Medium,Unemployed,0,22,0,7600,120.7793723,1,0.7634302787373882,716.8970841131905,547.3009407505539,0.9662549447000888,1-Highest Review (Top 5%)
Male,B,Small,Unemployed,0,24,0,17890,139.2056697,1,0.7554722466832641,724.1588636079169,547.0819236454724,0.9662145798014047,1-Highest Review (Top 5%)
Male,D,Small,Employed,0,21,4,22700,210.189841,0,0.8054517142007336,679.125268215908,547.002611441536,0.9661742149027206,1-Highest Review (Top 5%)
Female,A,Small,Housewife,0,20,0,36900,270.7883545,0,0.8462383167146034,646.3719437708777,546.9847056682138,0.9661338500040365,1-Highest Review (Top 5%)
Male,E,Small,Self-employed,0,19,0,13245,201.6569069,1,0.7919255581845748,690.5572390981954,546.8699270312372,0.9660934851053524,1-Highest Review (Top 5%)
Male,E,Medium,Employed,0,20,6,10075,216.4916013,1,0.7933149431170139,689.3464539489933,546.8688429024609,0.9660531202066683,1-Highest Review (Top 5%)
Male,E,Large,Unemployed,0,21,5,3535,114.1467007,1,0.787696246732044,693.9059822609865,546.5871378118914,0.9660127553079841,1-Highest Review (Top 5%)
Female,C,Medium,Self-employed,0,19,6,19560,293.5560359,1,0.7848153156587138,696.4148952148793,546.5570758174955,0.9659723904093,1-Highest Review (Top 5%)
Male,C,Large,Unemployed,1,19,6,2695,99.57981885,1,0.7464656862653622,732.1720186738792,546.5412883836929,0.965932025510616,1-Highest Review (Top 5%)
Female,C,Medium,Unemployed,0,21,0,24240,141.0368682,1,0.7836989903073395,697.2785627386093,546.456505581201,0.9658916606119319,1-Highest Review (Top 5%)
Male,A,Medium,Self-employed,0,19,7,26445,201.6569069,0,0.7281842460685282,750.1100168846283,546.218297113584,0.9658512957132478,1-Highest Review (Top 5%)
Male,C,Small,Self-employed,1,22,0,9350,239.4551701,1,0.7515666912773162,726.4804338658067,545.9984959582335,0.9658109308145637,1-Highest Review (Top 5%)
Female,E,Medium,Unemployed,0,19,12,23270,276.9454965,0,0.8418231905615124,648.5284597152338,545.9462971274214,0.9657705659158795,1-Highest Review (Top 5%)
Male,E,Small,Unemployed,0,27,0,4350,259.0040603,1,0.8025999132056112,680.2202682355467,545.9447282465474,0.9657302010171954,1-Highest Review (Top 5%)
Male,E,Small,Unemployed,0,23,10,5905,296.4319078,1,0.8264930927354228,660.3738005940756,545.794384814443,0.9656898361185113,1-Highest Review (Top 5%)
Male,E,Small,Unemployed,0,21,6,8380,129.3156084,0,0.7916234275723962,689.3882899963219,545.7359210551614,0.9656494712198272,1-Highest Review (Top 5%)
Male,C,Small,Self-employed,0,19,7,37940,171.3729361,1,0.7632155213024366,714.7995962182013,545.5461464544456,0.9656091063211432,1-Highest Review (Top 5%)
Male,E,Small,Employed,0,18,14,1525,251.432848,1,0.8039364112984304,678.3730971932717,545.3688332789602,0.9655687414224591,1-Highest Review (Top 5%)
Male,D,Medium,Housewife,1,20,4,6075,270.4632326,1,0.8352990986537183,652.8870435053491,545.3559589627091,0.9655283765237749,1-Highest Review (Top 5%)
Male,D,Small,Employed,0,21,3,7480,212.4247054,1,0.7771328318819505,701.6875831590035,545.304458596758,0.9654880116250908,1-Highest Review (Top 5%)
Male,D,Medium,Employed,0,21,8,37220,249.7835716,1,0.8155224121936665,668.5640669814369,545.2289806107094,0.9654476467264067,1-Highest Review (Top 5%)
Male,C,Small,Self-employed,0,19,3,8095,153.4523215,1,0.7261030601170592,750.6787566637988,545.0701423784535,0.9654072818277226,1-Highest Review (Top 5%)
Male,B,Small,Employed,0,18,4,2670,113.2248348,1,0.7280821992572536,748.6181469307537,545.055546821233,0.9653669169290385,1-Highest Review (Top 5%)
Male,E,Large,Self-employed,0,19,0,14490,210.189841,1,0.7974401070422855,683.4572936644105,545.0162574185782,0.9653265520303544,1-Highest Review (Top 5%)
Female,E,Large,Unemployed,0,22,0,3725,223.3475567,1,0.8101090744212011,672.6675055117861,544.9340502833712,0.9652861871316702,1-Highest Review (Top 5%)
Male,C,Small,Employed,1,18,0,26410,150.2239631,1,0.7969028636130264,683.7483693124135,544.8810334957994,0.9652458222329862,1-Highest Review (Top 5%)
Male,B,Small,Housewife,0,21,6,3000,237.675525,1,0.7980129610564648,682.7559796018319,544.8481209610651,0.9652054573343021,1-Highest Review (Top 5%)
Male,D,Small,Unemployed,0,23,7,8810,210.189841,1,0.7742823785491036,703.5477637875708,544.7446359683432,0.965165092435618,1-Highest Review (Top 5%)
Male,A,Small,Employed,0,20,12,18315,276.3355652,0,0.7786333505146525,699.4987827667456,544.6530809065922,0.9651247275369339,1-Highest Review (Top 5%)
Male,B,Medium,Unemployed,0,29,0,21365,285.6217445,0,0.7656596107083995,711.2691272273263,544.5900430617777,0.9650843626382498,1-Highest Review (Top 5%)
Female,B,Small,Employed,0,20,0,28335,223.3475567,1,0.7938494066649776,685.836461502249,544.4508680327681,0.9650439977395657,1-Highest Review (Top 5%)
Male,A,Small,Employed,0,23,0,31280,201.3918071,1,0.7678796929298153,708.9079494261422,544.3560185208511,0.9650036328408815,1-Highest Review (Top 5%)
Female,A,Medium,Unemployed,0,22,0,17240,181.4165594,1,0.7415570453656958,734.0148713407287,544.3138992459121,0.9649632679421974,1-Highest Review (Top 5%)
Male,B,Large,Unemployed,1,20,10,19030,201.6569069,1,0.7683746129867235,708.3094657060726,544.2470115867364,0.9649229030435134,1-Highest Review (Top 5%)
Male,D,Medium,Housewife,0,18,0,16355,222.735365,1,0.8382719309421979,649.028103585205,544.0620416281226,0.9648825381448293,1-Highest Review (Top 5%)
Female,A,Small,Employed,0,20,6,7430,285.6217445,1,0.7678998965245815,708.1882523777364,543.817685720788,0.9648421732461452,1-Highest Review (Top 5%)
Female,A,Small,Unemployed,0,25,2,9175,282.3344767,0,0.7552328416340554,719.9968386560023,543.7652584257091,0.9648018083474611,1-Highest Review (Top 5%)
Male,E,Medium,Unemployed,0,23,11,11365,260.3601885,1,0.8064187966895904,674.0756096852641,543.5872420401927,0.9647614434487769,1-Highest Review (Top 5%)
Female,E,Small,Employed,0,18,3,7040,249.7835716,1,0.8151266531496885,666.7755987962972,543.5065622487052,0.9647210785500928,1-Highest Review (Top 5%)
Male,A,Large,Unemployed,1,19,6,22260,102.818883,1,0.7504830190006044,724.1405828926152,543.4552108301073,0.9646807136514087,1-Highest Review (Top 5%)
Female,E,Small,Unemployed,0,20,0,39935,132.7922667,1,0.8312490105537212,653.6663229449891,543.3594841803115,0.9646403487527246,1-Highest Review (Top 5%)
Male,A,Medium,Employed,0,18,1,25665,129.6779531,1,0.751138319415618,723.2303559262489,543.2460341008018,0.9645999838540406,1-Highest Review (Top 5%)
Male,A,Medium,Unemployed,0,25,0,28020,150.2239631,0,0.7424019550031214,731.6291849253727,543.162937225937,0.9645596189553565,1-Highest Review (Top 5%)
Male,D,Medium,Self-employed,1,20,6,18325,270.4632326,1,0.7896953749953655,687.5416197263519,542.9484372147224,0.9645192540566723,1-Highest Review (Top 5%)
Male,C,Large,Unemployed,1,19,9,5560,169.7885554,0,0.7572263358481223,716.8313665689126,542.8035891279799,0.9644788891579882,1-Highest Review (Top 5%)
Male,E,Medium,Self-employed,0,22,6,3800,295.7970919,0,0.7921942446234027,685.1495479050433,542.7715285567016,0.9644385242593041,1-Highest Review (Top 5%)
Male,A,Small,Unemployed,0,18,4,29265,34.81202424,1,0.7193473381827872,754.5265948066151,542.766697562261,0.96439815936062,1-Highest Review (Top 5%)
Male,D,Small,Employed,0,19,0,20970,183.8950396,1,0.8092502816394829,670.404354121993,542.5249123855584,0.9643577944619359,1-Highest Review (Top 5%)
Male,B,Medium,Employed,1,18,2,3390,161.4389472,1,0.7243195183838589,748.8144848013334,542.3809469901593,0.9643174295632518,1-Highest Review (Top 5%)
Female,A,Medium,Unemployed,0,21,5,16915,162.9324677,1,0.7306013700443885,742.0191229672528,542.1201878390104,0.9642770646645676,1-Highest Review (Top 5%)
Male,C,Medium,Employed,1,23,2,9460,248.5121203,1,0.7593399599381301,713.7868599933857,542.0068856717412,0.9642366997658836,1-Highest Review (Top 5%)
Male,C,Small,Housewife,0,20,0,22770,202.5335882,1,0.8382069695065891,646.5468686409063,541.9400914074688,0.9641963348671995,1-Highest Review (Top 5%)
Male,D,Medium,Housewife,0,21,3,7280,250.8413259,1,0.825289354995725,656.6108351716008,541.8939326419747,0.9641559699685154,1-Highest Review (Top 5%)
Female,B,Medium,Employed,0,22,0,21250,284.9991194,1,0.7985664142873786,678.3225190654032,541.685581780441,0.9641156050698313,1-Highest Review (Top 5%)
Female,A,Small,Self-employed,0,20,0,29145,239.4551701,0,0.7636437181417107,709.3320500149098,541.6769640704676,0.9640752401711472,1-Highest Review (Top 5%)
Male,D,Small,Employed,0,23,0,5900,251.432848,1,0.7948404583005134,681.4820058831616,541.6694698797254,0.9640348752724631,1-Highest Review (Top 5%)
Female,E,Small,Employed,0,19,0,9270,275.0923407,1,0.8373444564479757,646.8871863091825,541.6673994032228,0.9639945103737789,1-Highest Review (Top 5%)
Male,B,Small,Employed,1,19,0,9365,167.9366556,1,0.7489499033907658,722.8729508656919,541.3956267146577,0.9639541454750948,1-Highest Review (Top 5%)
Male,A,Medium,Unemployed,0,27,0,11755,225.1417422,1,0.7099477619711992,762.4457088433687,541.2966246178942,0.9639137805764108,1-Highest Review (Top 5%)
Male,D,Small,Unemployed,0,19,13,27795,162.9324677,0,0.7982149787621635,677.6891920395609,540.9416640312058,0.9638734156777267,1-Highest Review (Top 5%)
Female,A,Large,Self-employed,0,19,2,18060,270.7883545,1,0.7603105597942861,711.1014076845632,540.6579093471552,0.9638330507790426,1-Highest Review (Top 5%)
Male,B,Medium,Housewife,0,22,3,6295,222.735365,1,0.7759339114333426,696.7212611719715,540.6096533599392,0.9637926858803585,1-Highest Review (Top 5%)
Female,C,Small,Employed,0,19,5,31075,207.1446249,1,0.7937976001140734,680.8350932334719,540.4452630821714,0.9637523209816743,1-Highest Review (Top 5%)
Male,C,Small,Employed,0,18,1,20305,137.8873343,1,0.7815923911650487,691.3478206084557,540.352196236108,0.9637119560829902,1-Highest Review (Top 5%)
Male,C,Small,Housewife,0,24,0,34175,276.3355652,0,0.8579079620191049,629.6705213201765,540.1993536893,0.9636715911843061,1-Highest Review (Top 5%)
Male,B,Large,Unemployed,1,19,15,14850,153.4523215,1,0.7392813543292882,730.4233395793287,539.9883557179278,0.963631226285622,1-Highest Review (Top 5%)
Female,B,Small,Unemployed,1,22,0,42465,153.4523215,1,0.7748627039173792,696.874301397837,539.9819054716627,0.963590861386938,1-Highest Review (Top 5%)
Male,A,Small,Employed,1,24,4,8385,284.2162652,0,0.7521226013946661,717.7794369083036,539.858137315072,0.9635504964882539,1-Highest Review (Top 5%)
Male,E,Medium,Employed,0,22,6,13305,250.8413259,1,0.8079716321007206,668.059692011269,539.7732796950498,0.9635101315895697,1-Highest Review (Top 5%)
Male,D,Small,Unemployed,0,21,3,2535,99.17167477,1,0.7597923084251412,710.3997575238344,539.7562716736948,0.9634697666908856,1-Highest Review (Top 5%)
Female,E,Medium,Unemployed,0,23,4,22305,222.711392,1,0.8116115656586743,665.0236073221598,539.7408511387175,0.9634294017922015,1-Highest Review (Top 5%)
Female,B,Small,Employed,1,20,5,7865,276.3355652,0,0.7737011554708985,697.3671800981147,539.5537930293934,0.9633890368935174,1-Highest Review (Top 5%)
Male,B,Small,Housewife,0,21,0,29285,201.3918071,1,0.8276064899962567,651.7883139353768,539.4242387166355,0.9633486719948333,1-Highest Review (Top 5%)
Male,C,Small,Employed,0,20,0,14115,150.2239631,1,0.7719643880925056,698.6508757900549,539.3335958195628,0.9633083070961492,1-Highest Review (Top 5%)
Male,E,Small,Unemployed,0,21,6,10765,125.9456252,0,0.7926838920364142,680.2283216399394,539.2060334709449,0.963267942197465,1-Highest Review (Top 5%)
Male,D,Medium,Employed,0,21,1,12215,222.735365,1,0.7798380724973991,691.3166319407081,539.1150297380358,0.963227577298781,1-Highest Review (Top 5%)
Male,C,Small,Unemployed,0,19,5,13795,63.53336338,1,0.735487829508065,732.8090476960023,538.9721359338048,0.9631872124000969,1-Highest Review (Top 5%)
Male,B,Medium,Employed,0,24,0,23960,223.3085718,1,0.7630877873997352,706.2177240737145,538.9061204858875,0.9631468475014128,1-Highest Review (Top 5%)
Female,C,Medium,Employed,0,18,0,23705,200.6565503,0,0.7859195402061087,685.6550583110823,538.8697081678384,0.9631064826027287,1-Highest Review (Top 5%)
Female,B,Medium,Unemployed,0,26,2,26675,282.3344767,0,0.7813757838002747,689.6182883694698,538.8510305976984,0.9630661177040446,1-Highest Review (Top 5%)
Male,D,Large,Housewife,0,20,4,11095,248.5121203,0,0.8401241337378036,641.2783760225307,538.753440140714,0.9630257528053605,1-Highest Review (Top 5%)
Male,A,Medium,Employed,0,18,0,29850,100.833778,0,0.7486286689708936,719.5434161392385,538.6708298910879,0.9629853879066763,1-Highest Review (Top 5%)
Male,C,Large,Unemployed,0,21,10,8620,181.4165594,1,0.7554927757943762,712.9611744960786,538.637016753661,0.9629450230079922,1-Highest Review (Top 5%)
Male,B,Medium,Unemployed,0,28,6,13265,284.1301175,1,0.7402956156640393,727.4028701859052,538.4931556200639,0.9629046581093081,1-Highest Review (Top 5%)
Male,A,Medium,Unemployed,0,28,1,26060,249.8117276,1,0.7427965816695384,724.9051495965642,538.4570671549733,0.9628642932106241,1-Highest Review (Top 5%)
Male,C,Small,Self-employed,0,25,5,31970,297.3851697,1,0.7863525303636874,684.6886293377684,538.4066361909989,0.96282392831194,1-Highest Review (Top 5%)
Male,B,Large,Employed,0,18,3,13995,129.3156084,1,0.7451807585216149,722.4577225101829,538.3615936599365,0.9627835634132559,1-Highest Review (Top 5%)
Male,B,Medium,Self-employed,0,19,4,10440,139.2830008,1,0.694699462919705,774.9009865324014,538.3232991600088,0.9627431985145717,1-Highest Review (Top 5%)
Male,E,Small,Self-employed,0,23,3,6335,296.4319078,1,0.7990403567684198,673.4420742169578,538.1073952451826,0.9627028336158876,1-Highest Review (Top 5%)
Male,E,Small,Employed,0,19,7,25040,223.3085718,1,0.8326074894715082,646.2831060780695,538.1001544395099,0.9626624687172035,1-Highest Review (Top 5%)
Male,A,Medium,Employed,1,22,3,13435,222.711392,1,0.7257360495903487,741.314564808639,537.9987037680102,0.9626221038185194,1-Highest Review (Top 5%)
Male,C,Large,Housewife,0,23,0,5375,282.3344767,0,0.8345139988072598,644.539212826469,537.8769958839001,0.9625817389198353,1-Highest Review (Top 5%)
Female,A,Medium,Unemployed,0,24,4,45225,162.666477,0,0.7304933482354616,735.9555776834715,537.6106540945625,0.9625413740211513,1-Highest Review (Top 5%)
Male,C,Small,Unemployed,0,24,11,37465,208.8164363,1,0.7768410250420557,692.0188242232357,537.5886127579765,0.962501009122467,1-Highest Review (Top 5%)
Male,B,Small,Employed,0,23,5,4645,211.8309492,1,0.7288902547262511,737.4136949702641,537.4936559655018,0.962460644223783,1-Highest Review (Top 5%)
Female,B,Medium,Unemployed,0,21,2,4055,148.9956325,1,0.7221909664057409,744.2463889497612,537.488018879611,0.9624202793250989,1-Highest Review (Top 5%)
Male,E,Medium,Unemployed,0,19,11,15215,181.4165594,1,0.7948661189938658,676.1938827705694,537.4836072852356,0.9623799144264148,1-Highest Review (Top 5%)
Male,A,Small,Unemployed,0,24,5,14580,148.4018477,1,0.7219015315505295,744.5330347380645,537.4795380673723,0.9623395495277307,1-Highest Review (Top 5%)
Female,C,Large,Unemployed,1,20,0,48375,112.4047945,0,0.787929133661489,681.9995908701021,537.3673467917695,0.9622991846290466,1-Highest Review (Top 5%)
Male,E,Small,Self-employed,0,20,1,17400,222.735365,1,0.7992751572281496,672.2801840918223,537.3368498413606,0.9622588197303624,1-Highest Review (Top 5%)
Male,A,Small,Employed,0,20,12,18985,260.3601885,1,0.7695242494846127,698.0146661810953,537.1392121222599,0.9622184548316783,1-Highest Review (Top 5%)
Female,E,Medium,Employed,0,18,4,28185,225.1417422,1,0.8233605801116473,652.2741682711533,537.056837579579,0.9621780899329943,1-Highest Review (Top 5%)
Male,C,Medium,Employed,0,21,6,39585,138.5066713,0,0.7679712388157875,699.3125512582038,537.0519263091917,0.9621377250343102,1-Highest Review (Top 5%)
Female,E,Medium,Unemployed,0,20,9,18430,282.3344767,1,0.8393859640492607,639.7792999797289,537.0217644922459,0.9620973601356261,1-Highest Review (Top 5%)
Female,A,Small,Employed,0,21,6,28675,275.0923407,1,0.7957318854997439,674.8046569641886,536.9635820301216,0.962056995236942,1-Highest Review (Top 5%)
Female,A,Medium,Unemployed,0,25,5,20495,248.5121203,1,0.7441839676803625,721.1361283662537,536.6579452452539,0.9620166303382579,1-Highest Review (Top 5%)
Female,A,Medium,Unemployed,1,20,4,6175,156.1042255,1,0.7087688667142544,757.0276611029537,536.5576374312832,0.9619762654395737,1-Highest Review (Top 5%)
Female,A,Medium,Employed,0,22,0,1085,282.3344767,0,0.7586631829976858,707.2077782071699,536.5325040553729,0.9619359005408896,1-Highest Review (Top 5%)
Male,B,Small,Unemployed,1,23,13,15830,237.675525,1,0.748952412552228,716.3378859048152,536.5029878509739,0.9618955356422055,1-Highest Review (Top 5%)
Female,A,Small,Self-employed,0,21,0,2740,276.3355652,1,0.7417713562342312,723.1124074132674,536.3840711567393,0.9618551707435214,1-Highest Review (Top 5%)
Female,D,Small,Employed,0,18,1,7560,284.1301175,0,0.8148201434018457,658.2829018034334,536.3821684464567,0.9618148058448374,1-Highest Review (Top 5%)
Male,A,Large,Employed,0,21,14,12195,275.2822626,1,0.7537147229033916,711.4887298933634,536.2595309004624,0.9617744409461533,1-Highest Review (Top 5%)
Female,E,Medium,Unemployed,0,18,6,16575,171.3729361,1,0.7995116153341789,670.6495258539736,536.1920857386116,0.9617340760474691,1-Highest Review (Top 5%)
Male,E,Small,Unemployed,0,29,5,49825,293.5560359,1,0.821025097962606,652.9329582371957,536.0743459997078,0.961693711148785,1-Highest Review (Top 5%)
Female,A,Small,Self-employed,0,20,1,1920,272.9669948,0,0.7387711282434956,725.3743904818383,535.8856568552056,0.9616533462501009,1-Highest Review (Top 5%)
Male,D,Large,Unemployed,0,24,8,13070,270.4632326,1,0.8047899061821809,665.5903618008873,535.6604048295,0.9616129813514168,1-Highest Review (Top 5%)
Female,B,Small,Unemployed,0,19,13,9400,213.2556548,1,0.7346846247297354,729.0850625338011,535.6475855637013,0.9615726164527327,1-Highest Review (Top 5%)
Male,E,Small,Unemployed,0,23,5,21530,148.9956325,1,0.8094197173984345,661.4395804925412,535.3822383184117,0.9615322515540486,1-Highest Review (Top 5%)
Male,D,Small,Employed,0,24,3,27815,270.7883545,1,0.8242750722044484,649.428120708132,535.3074110882948,0.9614918866553644,1-Highest Review (Top 5%)
Female,A,Large,Employed,0,21,0,16575,284.1301175,1,0.7912839235731554,676.4311257259513,535.2490751914371,0.9614515217566804,1-Highest Review (Top 5%)
Male,B,Medium,Employed,0,23,2,6995,212.4247054,1,0.7201624915516839,743.1437077124742,535.1842241271718,0.9614111568579963,1-Highest Review (Top 5%)
Female,E,Small,Unemployed,0,19,4,5220,140.4108252,1,0.7896600156370193,677.5747711801106,535.0537044053359,0.9613707919593122,1-Highest Review (Top 5%)
Male,B,Small,Unemployed,1,20,1,3420,88.95152383,1,0.7243814060830529,738.6158247795107,535.0395697089758,0.9613304270606281,1-Highest Review (Top 5%)
Male,E,Medium,Unemployed,0,27,1,12495,276.3355652,0,0.8021452156228931,667.001672377631,535.0322003101852,0.961290062161944,1-Highest Review (Top 5%)
Male,E,Medium,Housewife,0,20,2,18850,248.5121203,1,0.8615191951379243,620.0832836211198,534.2136514237484,0.9612496972632598,1-Highest Review (Top 5%)
Female,D,Small,Unemployed,1,21,5,3435,222.2151274,1,0.7772207394380118,687.2944479647836,534.1794990588293,0.9612093323645757,1-Highest Review (Top 5%)
Male,B,Medium,Unemployed,1,25,3,14790,190.0515645,1,0.71960870603991,742.2648513944334,534.1402492508544,0.9611689674658916,1-Highest Review (Top 5%)
Female,A,Large,Unemployed,0,23,7,18315,297.3851697,1,0.785237480137335,679.9655223617971,533.9344133596442,0.9611286025672076,1-Highest Review (Top 5%)
Male,B,Medium,Self-employed,0,18,3,2955,124.3443471,1,0.6854683768903543,778.6043959525066,533.7086915332594,0.9610882376685235,1-Highest Review (Top 5%)
Male,A,Small,Employed,1,24,4,23015,259.0040603,1,0.7685508977026484,694.3132684372906,533.6150857443396,0.9610478727698394,1-Highest Review (Top 5%)
Male,A,Medium,Unemployed,0,27,6,19910,240.0004036,1,0.7247604607888645,736.2375903922842,533.5958952627951,0.9610075078711553,1-Highest Review (Top 5%)
Male,A,Medium,Unemployed,0,29,1,29350,270.874006,1,0.7487596412977079,712.5135998288006,533.5014274275513,0.9609671429724711,1-Highest Review (Top 5%)
Male,A,Small,Employed,0,19,14,39530,181.4165594,1,0.742894118084376,718.116570230193,533.4845761229361,0.960926778073787,1-Highest Review (Top 5%)
Male,E,Large,Unemployed,0,22,6,29230,139.6062055,1,0.8209897463647577,649.7289986726498,533.4208458260867,0.9608864131751029,1-Highest Review (Top 5%)
Male,D,Small,Employed,0,20,14,27015,290.1327193,1,0.8288183703600255,643.5310195913288,533.3703309338108,0.9608460482764188,1-Highest Review (Top 5%)
Male,E,Medium,Employed,0,21,0,29705,182.367931,0,0.8210906907877816,649.4592755782554,533.264965223082,0.9608056833777348,1-Highest Review (Top 5%)
Male,E,Large,Unemployed,0,22,0,13385,128.5434648,1,0.8042086073595445,663.0333127778243,533.2170971020394,0.9607653184790507,1-Highest Review (Top 5%)
Male,B,Small,Unemployed,0,19,9,6805,112.4047945,1,0.7289257244562429,731.186255365706,532.9804709048947,0.9607249535803665,1-Highest Review (Top 5%)
Male,B,Small,Employed,0,20,0,5345,133.2886429,0,0.7380766966114871,722.1009793692178,532.965905472752,0.9606845886816824,1-Highest Review (Top 5%)
Male,C,Medium,Unemployed,0,20,4,7180,57.29188508,1,0.7032430587539766,757.81664706108,532.9292968539166,0.9606442237829983,1-Highest Review (Top 5%)
Male,E,Medium,Housewife,1,18,6,41610,222.735365,1,0.8567722462349482,621.9049985266744,532.830942532441,0.9606038588843142,1-Highest Review (Top 5%)
Male,C,Medium,Unemployed,0,25,12,15935,260.3601885,0,0.759885991601122,700.889856729819,532.5963837843069,0.9605634939856301,1-Highest Review (Top 5%)
Female,C,Large,Unemployed,1,24,0,29210,240.0004036,1,0.8037403114479496,662.6008345423362,532.5590011207286,0.960523129086946,1-Highest Review (Top 5%)
Male,C,Medium,Employed,0,18,7,16100,169.7885554,1,0.7551966467283037,705.1691792799165,532.541399568343,0.9604827641882618,1-Highest Review (Top 5%)
Female,A,Small,Self-employed,0,19,6,15805,270.4632326,1,0.7475304986905753,712.3839862420965,532.5287564947344,0.9604423992895778,1-Highest Review (Top 5%)
Female,B,Small,Unemployed,1,24,4,1585,236.3993842,0,0.7378266854050548,721.6038046539863,532.4185433635274,0.9604020343908937,1-Highest Review (Top 5%)
Male,B,Medium,Unemployed,0,19,13,9615,114.1467007,1,0.7061735490010892,753.9011288906881,532.3850357846649,0.9603616694922096,1-Highest Review (Top 5%)
Male,A,Small,Self-employed,0,19,0,4020,148.9956325,1,0.6996705869352815,760.9066436746037,532.3839979827651,0.9603213045935255,1-Highest Review (Top 5%)
Female,E,Medium,Unemployed,0,20,0,1590,156.6298557,1,0.790190537595385,673.724230766702,532.3705121005776,0.9602809396948414,1-Highest Review (Top 5%)
Male,A,Medium,Unemployed,0,24,0,14420,129.8552354,0,0.7157390073590734,743.7744565627295,532.3483912392422,0.9602405747961572,1-Highest Review (Top 5%)
Female,A,Large,Employed,0,19,1,38800,207.1446249,1,0.7696814580519793,691.634113865134,532.337953198205,0.9602002098974731,1-Highest Review (Top 5%)
Male,B,Medium,Unemployed,0,18,10,13015,114.1467007,0,0.7252033908619411,734.0378247602965,532.3267195370903,0.960159844998789,1-Highest Review (Top 5%)
Female,B,Large,Unemployed,0,22,15,13970,251.432848,1,0.7556463545700473,704.3696500570028,532.254358335354,0.960119480100105,1-Highest Review (Top 5%)
Female,B,Medium,Employed,0,20,0,17480,223.3475567,1,0.7615696607516597,698.8744912137058,532.2416091816107,0.9600791152014209,1-Highest Review (Top 5%)
Female,C,Small,Self-employed,0,21,0,8850,260.3601885,0,0.76215547725787,698.1915222934283,532.1304928909467,0.9600387503027368,1-Highest Review (Top 5%)
Male,D,Small,Unemployed,0,22,14,15480,213.2556548,1,0.7730487247674921,688.2134160216763,532.0225036234364,0.9599983854040527,1-Highest Review (Top 5%)
Male,E,Small,Employed,0,20,2,42365,145.223003,1,0.8198263721925098,648.8035798831982,531.9062851611556,0.9599580205053685,1-Highest Review (Top 5%)
Male,D,Medium,Employed,0,18,10,8015,259.0040603,1,0.7854805829790291,676.9791014901132,531.7539393030734,0.9599176556066844,1-Highest Review (Top 5%)
Female,A,Large,Employed,0,21,0,21565,258.9237292,1,0.7890697311313168,673.7235039546127,531.614824122315,0.9598772907080003,1-Highest Review (Top 5%)
Male,A,Small,Unemployed,0,23,9,32080,181.4165594,1,0.7543106118779312,704.0233143271809,531.0522570064649,0.9598369258093162,1-Highest Review (Top 5%)
Male,D,Small,Employed,0,20,0,8545,185.1345389,1,0.7801595473510502,680.4948544636989,530.8945576331181,0.9597965609106321,1-Highest Review (Top 5%)
Male,B,Medium,Employed,1,20,7,13995,222.711392,0,0.7425716007449658,714.9193389065529,530.8787978953717,0.9597561960119481,1-Highest Review (Top 5%)
Male,C,Small,Unemployed,0,19,12,11355,128.5434648,1,0.7464874863654387,711.1423287820016,530.8588494605408,0.9597158311132639,1-Highest Review (Top 5%)
Female,D,Large,Employed,0,19,0,8040,270.874006,0,0.8139872519025573,652.125397999648,530.821760613595,0.9596754662145798,1-Highest Review (Top 5%)
Male,E,Large,Employed,0,20,6,17610,222.735365,0,0.8180283263024666,648.7150507951343,530.6672872491633,0.9596351013158957,1-Highest Review (Top 5%)
Male,A,Small,Unemployed,0,29,4,7410,293.5560359,1,0.7227930891987014,734.1472534684348,530.636561261192,0.9595947364172116,1-Highest Review (Top 5%)
Male,A,Large,Housewife,0,20,1,12530,222.6929824,1,0.7940468275298691,668.2409549163137,530.6146102768292,0.9595543715185275,1-Highest Review (Top 5%)
Female,C,Large,Employed,0,18,2,39375,184.4785165,1,0.7881745939104495,673.2106312544496,530.6075159051732,0.9595140066198434,1-Highest Review (Top 5%)
Male,D,Small,Housewife,0,18,7,9360,276.3355652,1,0.8479585482610299,625.5961274215517,530.4795840061013,0.9594736417211592,1-Highest Review (Top 5%)
Male,C,Medium,Unemployed,0,21,3,18435,69.70102973,0,0.7333742339681496,723.2966567177382,530.4471315520949,0.9594332768224751,1-Highest Review (Top 5%)
Male,B,Medium,Housewife,0,23,4,30305,218.9832303,1,0.8031512054900029,660.4256613666174,530.4216660631312,0.9593929119237911,1-Highest Review (Top 5%)
Male,D,Large,Self-employed,0,20,4,45745,148.4945135,1,0.7718609032817778,686.9752561815857,530.2493417685495,0.959352547025107,1-Highest Review (Top 5%)
Male,C,Small,Employed,0,18,12,20990,222.711392,1,0.7789928632713257,680.6652877846742,530.2334014607842,0.9593121821264229,1-Highest Review (Top 5%)
Male,E,Large,Employed,0,21,7,11290,270.7883545,1,0.826705032507298,641.3448357210698,530.2030032631747,0.9592718172277388,1-Highest Review (Top 5%)
Male,C,Medium,Housewife,0,22,0,8020,218.9832303,1,0.7970564373706752,665.1096560294245,530.1299328956484,0.9592314523290546,1-Highest Review (Top 5%)
Female,B,Small,Housewife,0,19,3,12790,293.5560359,1,0.8296901031202141,638.9252106203442,530.1099238856979,0.9591910874303705,1-Highest Review (Top 5%)
Male,C,Small,Employed,0,19,0,14285,123.0199289,1,0.7665332901884943,691.5312415721419,530.0817178704284,0.9591507225316864,1-Highest Review (Top 5%)
Male,C,Small,Employed,0,19,0,15315,123.0152076,0,0.7689249993905498,689.2901636303981,530.0124386494158,0.9591103576330023,1-Highest Review (Top 5%)
Male,B,Small,Unemployed,0,23,7,3375,148.4945135,1,0.7229510809505583,733.0183575838095,529.936413971818,0.9590699927343183,1-Highest Review (Top 5%)
Female,E,Medium,Unemployed,0,23,4,27465,205.4307964,0,0.8097026777736457,654.4634407818197,529.9208005059932,0.9590296278356342,1-Highest Review (Top 5%)
Male,E,Medium,Unemployed,0,19,0,6015,69.70102973,1,0.7640132251588287,693.4412542392306,529.7982891094979,0.9589892629369501,1-Highest Review (Top 5%)
Male,E,Medium,Employed,0,23,1,14325,297.3851697,1,0.8266517974702179,640.8775230449253,529.7825563833485,0.9589488980382659,1-Highest Review (Top 5%)
Male,E,Small,Employed,0,18,4,4030,141.4896565,1,0.7848542947407094,674.9884321327125,529.7675698596573,0.9589085331395818,1-Highest Review (Top 5%)
Male,A,Small,Unemployed,1,21,10,2280,201.3918071,1,0.7230359931422808,732.6388618443473,529.7242670882579,0.9588681682408977,1-Highest Review (Top 5%)
Male,A,Large,Employed,0,25,4,12595,276.9454965,1,0.7499987575819089,706.2566473831317,529.6916080713131,0.9588278033422136,1-Highest Review (Top 5%)
Male,C,Small,Employed,0,25,0,1080,250.8413259,0,0.7650595879022546,692.1792884954511,529.5584012108056,0.9587874384435295,1-Highest Review (Top 5%)
Male,B,Large,Unemployed,0,23,0,8100,103.4727356,1,0.7268961736186464,727.5648921076216,528.8641361322935,0.9587470735448455,1-Highest Review (Top 5%)
Female,A,Small,Employed,0,20,6,14670,260.3601885,1,0.7642406553453804,691.9225331249735,528.7953301636654,0.9587067086461613,1-Highest Review (Top 5%)
Male,A,Small,Self-employed,0,21,0,8115,184.4785165,0,0.7005963744949302,754.708931050418,528.746340892867,0.9586663437474772,1-Highest Review (Top 5%)
Male,E,Small,Employed,0,18,0,16980,160.3435748,0,0.8145186723915097,649.078822837391,528.6868210549557,0.9586259788487931,1-Highest Review (Top 5%)
Female,A,Medium,Unemployed,0,22,10,9260,284.2162652,0,0.7497801520917752,704.8495406470374,528.4821957881536,0.958585613950109,1-Highest Review (Top 5%)
Male,A,Small,Unemployed,0,27,7,8110,270.7883545,1,0.7287303517875269,725.1804727626653,528.4610210257822,0.9585452490514249,1-Highest Review (Top 5%)
Female,A,Large,Employed,0,18,1,10590,232.9029787,0,0.747432105006891,707.0024832330738,528.4363542879955,0.9585048841527408,1-Highest Review (Top 5%)
Female,B,Medium,Self-employed,0,21,1,9030,276.9454965,1,0.7373584849639785,716.6605688554596,528.4357512846847,0.9584645192540566,1-Highest Review (Top 5%)
Male,C,Medium,Employed,1,19,8,23045,223.3085718,1,0.7794830490332497,677.9157659685321,528.4238482448624,0.9584241543553725,1-Highest Review (Top 5%)
Male,A,Medium,Unemployed,0,27,3,20370,211.8309492,1,0.7114695592050375,742.6022410172726,528.338889081232,0.9583837894566885,1-Highest Review (Top 5%)
Male,B,Medium,Housewife,0,22,6,35985,212.4247054,1,0.8030977992326488,657.7609932132032,528.2464060706047,0.9583434245580044,1-Highest Review (Top 5%)
Female,C,Medium,Unemployed,0,24,2,23065,213.2556548,1,0.7662103653965352,689.2835298481881,528.1361852667937,0.9583030596593203,1-Highest Review (Top 5%)
Male,A,Medium,Unemployed,0,19,2,32655,28.61559614,1,0.702608541076684,751.6713082339028,528.130681247425,0.9582626947606362,1-Highest Review (Top 5%)
Male,A,Small,Employed,0,18,13,12825,222.711392,1,0.726577893559829,726.7147242013119,528.0148535291013,0.958222329861952,1-Highest Review (Top 5%)
Male,B,Medium,Employed,0,22,9,16385,282.3344767,0,0.774044339360823,682.1442268061229,528.0098773869448,0.9581819649632679,1-Highest Review (Top 5%)
Male,A,Small,Unemployed,0,29,0,8695,284.2162652,1,0.7320641999645611,721.2207487406012,527.9798904246298,0.9581416000645838,1-Highest Review (Top 5%)
Male,A,Medium,Employed,0,25,0,8185,251.432848,0,0.723268501628144,729.0786114174382,527.3195948490184,0.9581012351658997,1-Highest Review (Top 5%)
Male,C,Large,Employed,0,25,2,35750,240.0004036,1,0.7862201262169359,670.5841244433117,527.226734958894,0.9580608702672156,1-Highest Review (Top 5%)
Male,C,Small,Unemployed,0,20,4,1785,56.70111618,1,0.7145553234062806,737.8258610388207,527.217396752112,0.9580205053685316,1-Highest Review (Top 5%)
Female,A,Small,Housewife,0,20,4,5480,270.4632326,0,0.8001752376160801,658.5684913970089,526.970199090065,0.9579801404698475,1-Highest Review (Top 5%)
Male,D,Large,Self-employed,0,22,2,16575,260.3601885,1,0.7863545216924782,670.0629093233932,526.9069985648673,0.9579397755711633,1-Highest Review (Top 5%)
Male,A,Medium,Unemployed,1,27,3,8030,240.0004036,1,0.69522058624257,757.779716605915,526.8240588214928,0.9578994106724792,1-Highest Review (Top 5%)
Male,D,Medium,Self-employed,1,21,1,12100,259.0040603,1,0.7680686873125064,685.8356208722612,526.7688650355155,0.9578590457737951,1-Highest Review (Top 5%)
Male,A,Small,Unemployed,1,24,0,33795,128.5434648,0,0.7511155944102937,701.2845761318057,526.7457812520121,0.957818680875111,1-Highest Review (Top 5%)
Male,E,Small,Employed,0,22,1,9915,232.9029787,0,0.8050067186986498,654.274109089583,526.6950536876877,0.9577783159764269,1-Highest Review (Top 5%)
Male,D,Small,Unemployed,0,24,13,47475,211.8309492,0,0.780607688664603,674.5850569329538,526.5862821001126,0.9577379510777428,1-Highest Review (Top 5%)
Male,B,Small,Unemployed,0,22,11,16715,189.9730181,1,0.7456060237251662,706.057289485765,526.4405681356498,0.9576975861790586,1-Highest Review (Top 5%)
Male,B,Medium,Unemployed,0,18,0,10745,31.06929242,1,0.6873326537782998,765.692854982698,526.2857019943407,0.9576572212803746,1-Highest Review (Top 5%)
Male,A,Medium,Employed,1,22,3,10280,212.4247054,0,0.7109035731301495,740.2913183249758,526.2757433544542,0.9576168563816905,1-Highest Review (Top 5%)
Male,B,Small,Employed,0,19,2,6780,125.1320458,1,0.7283665069403865,722.5404646243725,526.2742743415381,0.9575764914830064,1-Highest Review (Top 5%)
Male,E,Small,Unemployed,0,24,3,27180,150.2239631,1,0.8103844658667381,649.2683737394765,526.1570042570313,0.9575361265843223,1-Highest Review (Top 5%)
Male,E,Medium,Self-employed,0,21,1,28030,208.6667182,0,0.7946999957709814,661.8555117015148,525.9765723501946,0.9574957616856382,1-Highest Review (Top 5%)
Female,E,Medium,Unemployed,0,23,0,3755,213.2556548,1,0.7847658533737525,670.0798056415233,525.8557505027883,0.957455396786954,1-Highest Review (Top 5%)
Male,D,Small,Unemployed,0,24,4,18795,162.9324677,1,0.7770290892837148,676.7205139781469,525.8315246760469,0.9574150318882699,1-Highest Review (Top 5%)
Male,A,Medium,Employed,0,21,0,6470,153.4523215,1,0.7113102942475489,739.1880268151676,525.7920528581619,0.9573746669895858,1-Highest Review (Top 5%)
Male,D,Small,Self-employed,0,20,13,48915,237.675525,1,0.7749753425602328,678.4606922051677,525.7903073553525,0.9573343020909018,1-Highest Review (Top 5%)
Male,A,Small,Unemployed,0,19,5,4585,59.40378524,1,0.6846237089923497,767.8427620075977,525.6833596485716,0.9572939371922177,1-Highest Review (Top 5%)
Male,A,Large,Employed,1,19,10,26525,270.4632326,1,0.7923991390295535,663.3712139382551,525.654778781663,0.9572535722935336,1-Highest Review (Top 5%)
Female,A,Medium,Unemployed,1,18,14,5670,216.4916013,1,0.6990784982443362,751.8946077589778,525.6333532301604,0.9572132073948494,1-Highest Review (Top 5%)
Male,B,Medium,Unemployed,0,19,0,22810,38.77083633,1,0.7199145604646259,730.0818042606545,525.5965212175302,0.9571728424961653,1-Highest Review (Top 5%)
Male,B,Medium,Self-employed,0,20,3,9215,148.4945135,0,0.6891193034120264,762.6202802452183,525.5363562904693,0.9571324775974812,1-Highest Review (Top 5%)
Male,B,Medium,Housewife,0,19,5,4785,161.4389472,1,0.7650368639284353,686.7618804750061,525.3981553041936,0.9570921126987971,1-Highest Review (Top 5%)
Male,B,Medium,Unemployed,0,18,0,13180,30.5989837,1,0.692330214395406,758.5657424030147,525.1779830708895,0.957051747800113,1-Highest Review (Top 5%)
Female,C,Medium,Housewife,0,18,1,19255,291.3194903,1,0.8474643545465824,619.6190628667161,525.1050691770998,0.957011382901429,1-Highest Review (Top 5%)
Male,A,Small,Employed,1,19,6,19410,190.0515645,1,0.7461742350822563,703.7106674672384,525.0907690165907,0.9569710180027449,1-Highest Review (Top 5%)
Male,B,Small,Self-employed,0,23,3,21630,213.2556548,1,0.7303060070474588,718.9222930539768,525.0332692176528,0.9569306531040607,1-Highest Review (Top 5%)
Male,B,Small,Self-employed,0,25,1,29030,290.1327193,1,0.77181782148256,680.0920838956511,524.9071905998758,0.9568902882053766,1-Highest Review (Top 5%)
Female,E,Large,Employed,0,19,2,4750,282.3344767,1,0.8274716845016183,634.2749676159056,524.8445758903428,0.9568499233066925,1-Highest Review (Top 5%)
Male,B,Small,Employed,0,18,1,17795,123.0152076,1,0.752620901017115,697.138451299725,524.6809693508752,0.9568095584080084,1-Highest Review (Top 5%)
Male,D,Medium,Unemployed,1,24,4,2210,184.4785165,0,0.7422793411323021,705.9651412047376,524.0233398758253,0.9567691935093243,1-Highest Review (Top 5%)
Male,D,Small,Employed,0,21,1,9235,213.2556548,1,0.7781284429163913,673.426488699447,524.0123050703535,0.9567288286106402,1-Highest Review (Top 5%)
Female,A,Small,Unemployed,0,19,1,5240,118.8510133,1,0.7197235500262087,728.0038364139256,523.9615055765298,0.956688463711956,1-Highest Review (Top 5%)
Male,D,Small,Unemployed,0,21,3,16430,94.29603751,1,0.7707164714622476,679.7965555512524,523.930402606651,0.956648098813272,1-Highest Review (Top 5%)
Male,B,Large,Unemployed,1,28,4,8570,290.1327193,1,0.7411660569847599,706.7029433331521,523.7842339697565,0.9566077339145879,1-Highest Review (Top 5%)
Male,A,Large,Employed,1,20,2,27790,182.367931,1,0.7611220795736189,688.0969706804628,523.7257972726213,0.9565673690159038,1-Highest Review (Top 5%)
Male,E,Small,Housewife,0,18,5,9470,208.8164363,1,0.8361289270627978,626.3459991222452,523.706008216159,0.9565270041172197,1-Highest Review (Top 5%)
Male,B,Small,Employed,0,21,3,8245,148.4018477,1,0.726874955234848,720.3660414915745,523.6160341618929,0.9564866392185356,1-Highest Review (Top 5%)
Male,A,Small,Housewife,0,22,2,15380,239.4551701,1,0.7961250084727148,657.6986953023749,523.6103793700967,0.9564462743198514,1-Highest Review (Top 5%)
Male,C,Small,Employed,1,24,5,20130,260.3601885,1,0.7871668969606193,665.1647804009663,523.5956961557204,0.9564059094211673,1-Highest Review (Top 5%)
Female,B,Medium,Employed,0,23,4,2630,270.4632326,0,0.7434331722621164,704.2432447872693,523.5577895163658,0.9563655445224832,1-Highest Review (Top 5%)
Male,A,Large,Unemployed,1,18,1,31545,68.85387998,1,0.7400015671981849,707.4264959072009,523.496715648849,0.9563251796237991,1-Highest Review (Top 5%)
Male,D,Large,Self-employed,0,18,7,27890,218.9832303,0,0.7865024614262418,665.3169182527173,523.2733938342839,0.9562848147251151,1-Highest Review (Top 5%)
Male,B,Medium,Employed,0,21,2,27170,140.4108252,0,0.7530820084830716,694.6508636377689,523.1290675828313,0.956244449826431,1-Highest Review (Top 5%)
Female,B,Medium,Self-employed,0,18,1,6870,222.711392,1,0.7043616960932413,742.4742787032402,522.9704422530202,0.9562040849277468,1-Highest Review (Top 5%)
Male,B,Small,Unemployed,1,25,14,12555,275.0923407,1,0.7450281284058482,701.9382376076328,522.9637314213143,0.9561637200290627,1-Highest Review (Top 5%)
Male,C,Medium,Employed,1,19,1,26555,149.997808,0,0.7752850352235359,674.5384438018904,522.9595611625776,0.9561233551303786,1-Highest Review (Top 5%)
Male,D,Small,Employed,0,24,5,2220,272.9669948,1,0.7869074709602986,664.5626982695278,522.9493521898261,0.9560829902316945,1-Highest Review (Top 5%)
Male,E,Small,Housewife,0,20,5,44690,186.6850127,1,0.8556281204237244,611.1592777386165,522.9250640910134,0.9560426253330104,1-Highest Review (Top 5%)
Male,E,Small,Housewife,0,18,15,32275,272.9669948,1,0.8757055402939675,597.1258438410584,522.9064097043254,0.9560022604343263,1-Highest Review (Top 5%)
Male,E,Small,Employed,0,21,0,2570,190.0515645,1,0.7952631562661191,657.4666802361958,522.8590272644443,0.9559618955356423,1-Highest Review (Top 5%)
Male,A,Medium,Employed,0,18,11,9475,223.3085718,1,0.7145498127586516,731.6957208049836,522.8330402975076,0.9559215306369581,1-Highest Review (Top 5%)
Female,A,Large,Unemployed,0,26,1,39660,248.5121203,0,0.7613326437666682,686.5863068568403,522.7205681733112,0.955881165738274,1-Highest Review (Top 5%)
Male,D,Large,Unemployed,0,22,1,16150,141.0368682,1,0.7844596099383213,666.3038891025698,522.6884889457884,0.9558408008395899,1-Highest Review (Top 5%)
Male,A,Small,Employed,0,20,5,10115,144.998902,1,0.7179420014695846,727.9240067465456,522.6072183213744,0.9558004359409058,1-Highest Review (Top 5%)
Male,B,Small,Employed,0,24,3,26515,210.189841,1,0.7586837444549581,688.7859705305742,522.5707192501785,0.9557600710422217,1-Highest Review (Top 5%)
Male,B,Small,Self-employed,0,19,3,6450,129.6779531,1,0.6960336294359929,750.3000041775466,522.2340350735384,0.9557197061435376,1-Highest Review (Top 5%)
Male,C,Medium,Unemployed,1,24,1,31385,136.1308048,1,0.762932232880879,684.2396395274286,522.0284760102688,0.9556793412448534,1-Highest Review (Top 5%)
Male,A,Medium,Self-employed,0,21,2,19160,186.6850127,1,0.7027130121241388,742.6912747067656,521.8988227275075,0.9556389763461693,1-Highest Review (Top 5%)
Male,C,Medium,Employed,0,18,11,7460,213.2556548,1,0.7367730790343738,708.231849648067,521.8061605354161,0.9555986114474853,1-Highest Review (Top 5%)
Male,A,Small,Unemployed,0,24,5,40435,88.89623143,0,0.7229979447055962,721.4952201256491,521.639561265756,0.9555582465488012,1-Highest Review (Top 5%)
Male,C,Small,Unemployed,0,25,13,22075,239.4551701,1,0.7653754958134557,681.3759119106167,521.5084264139336,0.9555178816501171,1-Highest Review (Top 5%)
Male,D,Small,Unemployed,0,24,4,14990,160.3435748,1,0.7664396647083627,680.229283107614,521.3547036698096,0.955477516751433,1-Highest Review (Top 5%)
Male,B,Large,Unemployed,0,22,13,39095,129.4194752,1,0.7468668842144164,697.7363025902936,521.1161383188997,0.9554371518527488,1-Highest Review (Top 5%)
Male,D,Medium,Housewife,0,22,1,30040,282.3344767,1,0.8645334594446477,602.7536391216818,521.1006888227182,0.9553967869540647,1-Highest Review (Top 5%)
Female,A,Small,Self-employed,0,19,2,33300,212.4247054,1,0.7376017439655109,706.2097138454063,520.9015165377562,0.9553564220553806,1-Highest Review (Top 5%)
Male,A,Small,Self-employed,1,24,4,5755,284.2162652,1,0.7148320191974586,728.6823173302829,520.8854522506895,0.9553160571566965,1-Highest Review (Top 5%)
Male,E,Small,Employed,1,18,7,28615,221.7063984,1,0.8287130763636231,628.0010147981645,520.4326529328641,0.9552756922580125,1-Highest Review (Top 5%)
Male,C,Medium,Unemployed,0,20,11,8475,129.3156084,0,0.7288846950085672,713.90290092532,520.3528982066832,0.9552353273593284,1-Highest Review (Top 5%)
Male,E,Medium,Unemployed,1,23,6,17625,189.9730181,1,0.7892865246597408,659.26057052622,520.3454845558382,0.9551949624606442,1-Highest Review (Top 5%)
Male,B,Small,Unemployed,0,22,9,23520,157.245582,1,0.7597462890836113,684.8521682008513,520.313893361462,0.9551545975619601,1-Highest Review (Top 5%)
Female,B,Small,Unemployed,0,21,9,23470,222.2151274,1,0.7733041458957289,672.6182216112251,520.1384593769725,0.955114232663276,1-Highest Review (Top 5%)
Male,B,Small,Employed,1,21,1,17415,201.6569069,1,0.7563970690209175,687.5361558112971,520.050333101574,0.9550738677645919,1-Highest Review (Top 5%)
Female,D,Small,Employed,0,19,0,14575,249.7835716,1,0.8096763347760851,642.0904314937113,519.8854271666231,0.9550335028659078,1-Highest Review (Top 5%)
Female,A,Large,Employed,0,19,0,24565,212.4247054,1,0.7708508532233521,674.3507875280219,519.8238799378151,0.9549931379672237,1-Highest Review (Top 5%)
Male,B,Medium,Unemployed,0,25,1,8690,157.245582,0,0.7046091769561584,737.7011967780988,519.7910331013893,0.9549527730685397,1-Highest Review (Top 5%)
Male,B,Large,Employed,0,20,8,42385,168.6499611,1,0.7647773643784422,679.3979305342395,519.5881586781437,0.9549124081698555,1-Highest Review (Top 5%)
Male,A,Small,Unemployed,1,27,3,1555,237.4189585,1,0.7042157758039178,737.7642525408511,519.545225463453,0.9548720432711714,1-Highest Review (Top 5%)
Male,E,Medium,Employed,1,21,1,16150,234.675271,1,0.8074329935632839,643.1389286212188,519.291590413714,0.9548316783724873,1-Highest Review (Top 5%)
Male,A,Large,Unemployed,1,23,6,8455,169.5291484,1,0.7114666284361763,729.6378376776687,519.112972351993,0.9547913134738032,1-Highest Review (Top 5%)
Female,E,Large,Employed,0,20,0,7245,276.9950185,0,0.8304601577338494,625.0742070802866,519.0992246072556,0.9547509485751191,1-Highest Review (Top 5%)
Male,D,Small,Employed,1,22,2,6790,251.432848,1,0.7848796555719799,661.3376984380013,519.0705049667844,0.954710583676435,1-Highest Review (Top 5%)
Male,C,Small,Employed,0,20,5,9355,129.6690079,1,0.7420191151335204,698.9765869512541,518.6539885486178,0.9546702187777508,1-Highest Review (Top 5%)
Male,A,Small,Unemployed,1,27,6,13290,284.1301175,0,0.7401084316368385,700.5749608527744,518.5014355207865,0.9546298538790667,1-Highest Review (Top 5%)
Female,D,Medium,Unemployed,0,25,0,8910,290.1327193,0,0.7901205582871969,656.124412956257,518.4173874708571,0.9545894889803826,1-Highest Review (Top 5%)
Male,A,Medium,Self-employed,0,18,2,11360,139.637282,1,0.6798007599229817,762.5716005638219,518.3967535589707,0.9545491240816986,1-Highest Review (Top 5%)
Male,E,Small,Housewife,0,24,3,47700,285.6217445,1,0.8739563303068734,593.1386361101638,518.3772657780627,0.9545087591830145,1-Highest Review (Top 5%)
Male,E,Small,Unemployed,1,26,1,23565,296.4319078,1,0.8390404170155875,617.6482376300395,518.231834870051,0.9544683942843304,1-Highest Review (Top 5%)
Female,B,Small,Unemployed,1,21,12,8420,284.1301175,1,0.7645117435317159,677.8420796796496,518.2182301750532,0.9544280293856462,1-Highest Review (Top 5%)
Female,A,Medium,Self-employed,0,21,1,32875,239.4551701,0,0.7366897593669377,703.4042656310427,518.1907191854103,0.9543876644869621,1-Highest Review (Top 5%)
Male,B,Large,Employed,0,20,2,10855,150.2239631,1,0.7358030508522796,704.1094470938972,518.0858793056013,0.954347299588278,1-Highest Review (Top 5%)
Male,D,Small,Unemployed,0,22,2,10030,114.881582,1,0.7605014285092845,681.004225235326,517.9046861123239,0.9543069346895939,1-Highest Review (Top 5%)
Male,C,Large,Employed,0,25,0,7490,249.7835716,1,0.7607004372834847,680.6807515980322,517.7941453910742,0.9542665697909098,1-Highest Review (Top 5%)
Female,D,Small,Unemployed,1,20,8,22610,275.0923407,1,0.8307412397638714,623.228667447021,517.7417558513238,0.9542262048922258,1-Highest Review (Top 5%)
Female,E,Medium,Unemployed,1,23,2,15805,297.3851697,1,0.8257196007105639,626.9825423537053,517.7117745247958,0.9541858399935416,1-Highest Review (Top 5%)
Male,B,Small,Unemployed,0,28,6,21250,248.5121203,1,0.745374370879429,694.3451480510777,517.547077901756,0.9541454750948575,1-Highest Review (Top 5%)
Female,E,Large,Self-employed,0,18,3,29530,238.240414,1,0.8130557830094753,636.5356233816286,517.5389696819745,0.9541051101961734,1-Highest Review (Top 5%)
Male,C,Large,Housewife,0,19,0,13090,178.2443114,1,0.8121550084386535,636.990700782461,517.3351879693234,0.9540647452974893,1-Highest Review (Top 5%)
Male,B,Medium,Employed,0,20,7,9535,178.2443114,1,0.7187563610574473,719.2822161357476,516.9886682430663,0.9540243803988052,1-Highest Review (Top 5%)
Male,A,Large,Employed,1,24,0,13935,284.1301175,1,0.7674681201958834,673.602801359126,516.9686757177695,0.9539840155001211,1-Highest Review (Top 5%)
Male,A,Small,Unemployed,1,23,8,12520,210.189841,0,0.7241896916335788,713.5772038709695,516.7652552280688,0.953943650601437,1-Highest Review (Top 5%)
Male,A,Medium,Housewife,0,20,0,12100,178.2443114,0,0.7706279018787285,670.5318112237774,516.7305228263232,0.9539032857027528,1-Highest Review (Top 5%)
Male,A,Small,Employed,0,18,8,24780,181.4165594,0,0.753623696696212,685.6272301448122,516.7049277373179,0.9538629208040688,1-Highest Review (Top 5%)
Male,D,Small,Employed,0,18,0,12330,147.9690558,1,0.7795943012786565,662.7666039272694,516.6890674995077,0.9538225559053847,1-Highest Review (Top 5%)
Male,C,Small,Housewife,0,18,7,16880,210.189841,1,0.8143914444241253,634.3676890765068,516.6236186030108,0.9537821910067006,1-Highest Review (Top 5%)
Male,B,Medium,Unemployed,0,20,9,15730,112.8034383,1,0.7270514750095649,710.564394407789,516.6168910434612,0.9537418261080165,1-Highest Review (Top 5%)
Male,E,Medium,Employed,0,19,15,21385,222.735365,1,0.7975644839152699,647.6591413051796,516.5499287880724,0.9537014612093324,1-Highest Review (Top 5%)
Male,A,Small,Employed,0,18,0,24155,99.57981885,1,0.7487690720119786,689.6522347840664,516.3902638502526,0.9536610963106482,1-Highest Review (Top 5%)
Male,D,Medium,Unemployed,0,20,0,34170,59.22386837,1,0.7683241330390369,671.8767753222903,516.2191409085625,0.9536207314119641,1-Highest Review (Top 5%)
Male,A,Medium,Employed,1,23,13,46200,270.874006,0,0.7502359719407016,687.8411119796918,516.043145186857,0.95358036651328,1-Highest Review (Top 5%)
Female,A,Medium,Employed,1,20,4,6660,237.4189585,1,0.7178147941627445,718.8216445628261,515.9808108315906,0.953540001614596,1-Highest Review (Top 5%)
Male,D,Small,Unemployed,0,25,0,22530,183.8950396,1,0.7880715985147908,654.6165943780153,515.8847459457909,0.9534996367159119,1-Highest Review (Top 5%)
Female,A,Medium,Employed,0,20,7,8645,293.5560359,1,0.7507368069157352,686.5713257114595,515.4343647845243,0.9534592718172278,1-Highest Review (Top 5%)
Male,E,Medium,Unemployed,1,20,7,8735,137.8151761,1,0.7745863219966372,665.4204474702562,515.4255769873423,0.9534189069185436,1-Highest Review (Top 5%)
Male,B,Medium,Housewife,0,18,5,4255,137.8873343,0,0.7589672750420557,678.9195552616239,515.2777248296791,0.9533785420198595,1-Highest Review (Top 5%)
Male,E,Small,Housewife,1,19,4,17670,238.240414,1,0.857227967551623,601.0925744514152,515.2733659073593,0.9533381771211754,1-Highest Review (Top 5%)
Female,B,Small,Unemployed,0,20,6,1960,129.3156084,1,0.7254762410955548,710.1965495207877,515.230723185374,0.9532978122224913,1-Highest Review (Top 5%)
Male,B,Small,Employed,1,24,2,17925,259.0040603,1,0.7664497238188072,671.954373958266,515.0192443391525,0.9532574473238072,1-Highest Review (Top 5%)
Male,D,Small,Employed,0,20,2,28150,169.7885554,1,0.8009233789404346,643.0220367170633,515.0113823805906,0.9532170824251232,1-Highest Review (Top 5%)
Male,E,Medium,Unemployed,0,20,3,28905,63.15287215,1,0.7830539868775258,657.6912963725408,515.0077917591665,0.953176717526439,1-Highest Review (Top 5%)
Male,D,Medium,Employed,0,18,1,1010,153.4523215,1,0.7572066634741575,680.0396769596073,514.9305748206282,0.9531363526277549,1-Highest Review (Top 5%)
Male,A,Medium,Unemployed,1,24,10,6595,249.8117276,1,0.713191000921645,721.8613546962474,514.8250220824713,0.9530959877290708,1-Highest Review (Top 5%)
Male,C,Small,Unemployed,0,28,0,7350,222.6929824,1,0.7273973327612243,707.3440263794649,514.5201581330078,0.9530556228303867,1-Highest Review (Top 5%)
Male,A,Large,Employed,1,21,6,14760,223.3085718,1,0.7382008501667603,696.932915212454,514.4764705190322,0.9530152579317026,1-Highest Review (Top 5%)
Male,A,Large,Self-employed,0,21,0,7685,181.4165594,1,0.6961871974064995,738.686825980287,514.2643111403186,0.9529748930330185,1-Highest Review (Top 5%)
Female,A,Small,Employed,1,21,0,8630,290.1327193,1,0.7683476487124433,669.0028277416606,514.0267496772807,0.9529345281343344,1-Highest Review (Top 5%)
Male,B,Medium,Employed,0,21,4,17245,129.8552354,1,0.7268088450333431,707.1788682450754,513.9838564611899,0.9528941632356502,1-Highest Review (Top 5%)
Male,D,Medium,Self-employed,1,23,2,29865,284.1301175,1,0.7948820323011588,646.5848586159492,513.9586864718032,0.9528537983369662,1-Highest Review (Top 5%)
Male,B,Medium,Unemployed,0,20,1,21035,59.70218923,0,0.7185235665218158,715.1211074281349,513.8313686042941,0.9528134334382821,1-Highest Review (Top 5%)
Male,B,Small,Employed,1,24,6,24105,290.1327193,1,0.78941263972155,650.8832718364548,513.815481771015,0.952773068539598,1-Highest Review (Top 5%)
Male,B,Small,Housewife,0,19,11,8315,284.1301175,1,0.8124464546343984,632.4216559803035,513.8087322352127,0.9527327036409139,1-Highest Review (Top 5%)
Male,B,Small,Housewife,0,18,2,21575,157.245582,1,0.8044316840680522,638.5166220788853,513.6430016043618,0.9526923387422298,1-Highest Review (Top 5%)
Female,E,Small,Unemployed,0,18,4,33600,92.10692821,0,0.8069261229943399,636.4905329014337,513.6008380367551,0.9526519738435456,1-Highest Review (Top 5%)
Female,E,Small,Employed,0,22,1,42535,270.4632326,0,0.844364419439404,608.1877615931236,513.5321062277285,0.9526116089448615,1-Highest Review (Top 5%)
Male,A,Medium,Unemployed,0,21,9,23755,125.9456252,1,0.7327758549341716,700.502848219332,513.3115734877433,0.9525712440461774,1-Highest Review (Top 5%)
Female,A,Medium,Employed,1,19,2,9165,239.4551701,1,0.7256160697849537,707.2727780397485,513.2084934670883,0.9525308791474933,1-Highest Review (Top 5%)
Male,A,Small,Employed,0,18,12,22815,211.8309492,1,0.7456599296523134,688.1856663434544,513.1524755533907,0.9524905142488093,1-Highest Review (Top 5%)
Male,D,Large,Employed,0,23,0,8110,237.4189585,1,0.781618237382348,656.5119022650848,513.1416758689679,0.9524501493501252,1-Highest Review (Top 5%)
Male,E,Large,Unemployed,1,24,0,28350,183.8950396,1,0.8189284739629358,626.5151490149458,513.0710948974709,0.952409784451441,1-Highest Review (Top 5%)
Male,A,Small,Employed,0,25,5,6505,248.5121203,1,0.7158712439231811,716.4571432407417,512.8910663493986,0.9523694195527569,1-Highest Review (Top 5%)
Male,E,Medium,Unemployed,0,18,1,18395,68.37942919,1,0.7762511560464129,660.7211273901797,512.8855389609163,0.9523290546540728,1-Highest Review (Top 5%)
Male,A,Small,Employed,0,20,0,9140,126.1401885,1,0.7212710435858014,711.0042311796338,512.8267638168549,0.9522886897553887,1-Highest Review (Top 5%)
Male,C,Large,Employed,0,20,4,43905,82.67020711,1,0.7570665247186572,677.3036217077187,512.7638990656227,0.9522483248567046,1-Highest Review (Top 5%)
Male,D,Small,Employed,1,21,0,14970,222.2151274,1,0.7920572632337941,646.8774447494649,512.363978535931,0.9522079599580205,1-Highest Review (Top 5%)
Male,B,Small,Employed,0,24,0,26610,201.6569069,1,0.762698266011886,670.9944728800699,511.76632096918877,0.9521675950593363,1-Highest Review (Top 5%)
Female,B,Small,Employed,0,18,0,15545,189.9730181,1,0.7540957078763586,678.5515126146013,511.69278323568165,0.9521272301606523,1-Highest Review (Top 5%)
Male,A,Small,Employed,1,24,1,9150,290.1327193,1,0.7521646882034476,680.1003889740381,511.5474970197008,0.9520868652619682,1-Highest Review (Top 5%)
Male,E,Small,Unemployed,1,25,2,19365,222.711392,1,0.8019471873627702,637.8281839203406,511.50451811562084,0.9520465003632841,1-Highest Review (Top 5%)
Male,E,Medium,Employed,0,24,0,6030,239.4551701,1,0.7837182757184131,652.6355948224134,511.48244304668276,0.9520061354646,1-Highest Review (Top 5%)
Female,A,Small,Housewife,0,21,2,44275,239.4551701,1,0.8109570810099285,630.7033064907887,511.4733124150803,0.9519657705659159,1-Highest Review (Top 5%)
Male,B,Small,Unemployed,1,26,8,23225,275.2822626,1,0.7752674199836368,659.6037137695339,511.3692693857318,0.9519254056672318,1-Highest Review (Top 5%)
Male,E,Small,Employed,1,21,4,17165,212.4247054,0,0.8038571004793064,635.7946019512666,511.08800522493993,0.9518850407685476,1-Highest Review (Top 5%)
Male,E,Small,Unemployed,1,27,2,29985,260.3601885,1,0.8209982435329919,622.4982410410546,511.0699624970828,0.9518446758698635,1-Highest Review (Top 5%)
Male,D,Large,Unemployed,0,23,3,8985,129.8552354,0,0.754881397511035,677.0036794768754,511.0574836836165,0.9518043109711795,1-Highest Review (Top 5%)
Male,C,Large,Employed,0,20,11,4750,237.675525,1,0.7557487290473155,676.1065494862517,510.9666654748006,0.9517639460724954,1-Highest Review (Top 5%)
Male,A,Small,Unemployed,0,24,7,17635,174.6445246,1,0.7239062272189355,705.7009740896232,510.86132969794687,0.9517235811738113,1-Highest Review (Top 5%)
Female,C,Small,Employed,1,19,2,8075,234.675271,0,0.7613293652308333,670.9527121546595,510.8160024446129,0.9516832162751272,1-Highest Review (Top 5%)
Male,E,Small,Employed,1,23,2,42625,222.735365,1,0.8156007129086198,626.2522939982255,510.77181744561125,0.951642851376443,1-Highest Review (Top 5%)
Male,E,Medium,Unemployed,0,28,1,6155,290.1327193,0,0.7845109367167166,650.9438850150077,510.67259698314234,0.9516024864777589,1-Highest Review (Top 5%)
Male,E,Small,Unemployed,0,28,0,10855,260.3601885,1,0.7927595476331061,644.1617963945985,510.6654143123109,0.9515621215790748,1-Highest Review (Top 5%)
Female,A,Small,Self-employed,0,18,2,24660,213.2556548,0,0.7309267511831481,698.5855334083351,510.61485435770095,0.9515217566803907,1-Highest Review (Top 5%)
Male,E,Small,Unemployed,0,23,4,1470,107.8170529,1,0.7678829790080843,664.8595915275633,510.53436376428346,0.9514813917817067,1-Highest Review (Top 5%)
Male,B,Small,Housewife,0,19,4,24570,137.8873343,1,0.8036706183654168,635.2004648955979,510.4919504086453,0.9514410268830226,1-Highest Review (Top 5%)
Male,E,Medium,Self-employed,0,21,4,35950,148.5612071,1,0.7752909584465087,658.4370049425353,510.4802566385468,0.9514006619843384,1-Highest Review (Top 5%)
Male,A,Medium,Employed,0,20,3,8130,118.8510133,1,0.6938171082450327,735.5527749039243,510.3390992454502,0.9513602970856543,1-Highest Review (Top 5%)
Female,B,Medium,Unemployed,0,22,1,9065,156.6298557,0,0.7169403994059075,711.6483033869989,510.2094188668114,0.9513199321869702,1-Highest Review (Top 5%)
Male,B,Small,Employed,0,27,2,37590,290.1327193,1,0.7758143302297901,657.5881854481361,510.1663376604687,0.9512795672882861,1-Highest Review (Top 5%)
Male,A,Large,Employed,0,25,1,22560,270.7883545,1,0.7696263655688257,662.8445560015505,510.14264657255524,0.951239202389602,1-Highest Review (Top 5%)
Female,A,Medium,Employed,0,19,2,6675,207.1446249,1,0.707678712007816,720.4180190411845,509.8244958222877,0.9511988374909179,1-Highest Review (Top 5%)
Male,E,Medium,Housewife,0,18,2,16550,200.6565503,1,0.8361109609691086,609.7342467837277,509.8054870141182,0.9511584725922337,1-Highest Review (Top 5%)
Male,E,Small,Housewife,0,18,12,40170,284.9991194,1,0.877811188572164,580.7612892432469,509.79875758731686,0.9511181076935497,1-Highest Review (Top 5%)
Male,C,Small,Self-employed,0,18,0,13315,112.4047945,0,0.7265357965716217,701.5922750437982,509.7319024174422,0.9510777427948656,1-Highest Review (Top 5%)
Male,C,Medium,Employed,0,18,1,13090,106.5803023,1,0.7356327563842138,692.7811587275345,509.6325133657857,0.9510373778961815,1-Highest Review (Top 5%)
Male,A,Medium,Unemployed,1,23,3,22275,107.8170529,1,0.7157394609407262,711.8283108423659,509.4836114846626,0.9509970129974974,1-Highest Review (Top 5%)
Male,A,Medium,Self-employed,0,26,4,29805,259.0040603,1,0.7145819182980926,712.6702625917252,509.26128335680033,0.9509566480988133,1-Highest Review (Top 5%)
Male,E,Medium,Employed,0,19,0,10070,136.1308048,1,0.7815611945304807,651.5023885246012,509.18898501474865,0.9509162832001292,1-Highest Review (Top 5%)
Male,A,Small,Housewife,1,22,1,8100,297.3851697,1,0.8059431953822495,631.7266215504818,509.13577198042833,0.950875918301445,1-Highest Review (Top 5%)
Female,E,Medium,Unemployed,0,19,2,40500,91.28099321,0,0.7946857492754413,640.6615688478179,509.1246188718079,0.9508355534027609,1-Highest Review (Top 5%)
Female,D,Medium,Unemployed,0,25,0,29565,239.4551701,1,0.7966580100294839,638.9408266495626,509.017327485234,0.9507951885040768,1-Highest Review (Top 5%)
Male,E,Medium,Unemployed,0,27,4,25765,210.189841,1,0.7825578341850562,650.4237436073297,508.9941960998882,0.9507548236053928,1-Highest Review (Top 5%)
Male,B,Medium,Self-employed,1,24,4,25040,237.675525,1,0.7220936921982753,704.8492251054856,508.96717939951344,0.9507144587067087,1-Highest Review (Top 5%)
Female,A,Small,Employed,0,18,1,2245,205.4307964,0,0.7233515337000872,703.3888364260688,508.79739361631664,0.9506740938080246,1-Highest Review (Top 5%)
Male,E,Large,Unemployed,0,19,0,39655,32.3065089,1,0.7857200952328551,647.4906796289308,508.7464384604296,0.9506337289093404,1-Highest Review (Top 5%)
Male,B,Small,Unemployed,0,21,2,33845,50.1264516,1,0.727259128594491,699.482194351426,508.7048111313805,0.9505933640106563,1-Highest Review (Top 5%)
Male,B,Large,Employed,1,18,8,22610,211.8309492,1,0.7657180355896334,664.298496795052,508.66534001105356,0.9505529991119722,1-Highest Review (Top 5%)
Male,B,Small,Unemployed,0,25,12,48945,190.0515645,1,0.7333887999742033,693.5427561668811,508.63648967603035,0.9505126342132881,1-Highest Review (Top 5%)
Male,A,Large,Unemployed,1,18,1,17870,75.62345843,1,0.7212370429981848,705.1052498500364,508.54802540433656,0.950472269314604,1-Highest Review (Top 5%)
Male,B,Medium,Employed,0,18,2,23490,94.65751646,0,0.7348800860096818,691.9594816007061,508.50724335394176,0.95043190441592,1-Highest Review (Top 5%)
Female,E,Small,Unemployed,0,21,7,26780,208.6667182,0,0.8216924600045801,618.7888562349907,508.4541375031499,0.9503915395172358,1-Highest Review (Top 5%)
Female,A,Small,Unemployed,1,19,11,8395,237.675525,1,0.7311230814321014,695.4406004466804,508.45267475156777,0.9503511746185517,1-Highest Review (Top 5%)
Male,D,Large,Self-employed,0,23,4,10200,245.331155,1,0.7502437865876932,677.6218429585487,508.38157733575275,0.9503108097198676,1-Highest Review (Top 5%)
Male,D,Large,Employed,0,24,0,8405,296.4319078,1,0.8022291952957955,633.4927845520355,508.20640677687214,0.9502704448211835,1-Highest Review (Top 5%)
Male,E,Large,Unemployed,1,25,2,24005,223.3475567,1,0.8107052614965937,626.6565741796722,508.0337818388908,0.9502300799224994,1-Highest Review (Top 5%)
Male,A,Small,Unemployed,0,22,1,40600,61.51657295,0,0.7183484128835258,707.1676271651338,507.9927426166828,0.9501897150238153,1-Highest Review (Top 5%)
Female,D,Small,Employed,0,19,6,16640,275.2822626,1,0.8141723126371894,623.8557291399379,507.9260617458233,0.9501493501251311,1-Highest Review (Top 5%)
Female,B,Small,Unemployed,0,21,0,8200,114.1467007,1,0.7286043634177195,697.0786679070642,507.8945590824984,0.950108985226447,1-Highest Review (Top 5%)
Male,E,Small,Self-employed,0,21,4,23480,185.1345389,0,0.7858148335384795,646.2784911064634,507.8552249083252,0.950068620327763,1-Highest Review (Top 5%)
Male,E,Small,Unemployed,1,20,4,9080,85.63166734,1,0.7684303169533917,660.6964480088537,507.69918095342354,0.9500282554290789,1-Highest Review (Top 5%)
